BEGIN
    FOR cur_rec IN (SELECT table_name FROM user_tables) LOOP
        EXECUTE IMMEDIATE 'DELETE FROM ' || cur_rec.table_name;
    END LOOP;
END;
/

commit;

--DDL for project 4 submission

SET DEFINE OFF;
Insert into UMS.ADMINISTRATOR (ID,UNIVERSITY_ADMINISTRATOR_NUMBER,FIRST_NAME,LAST_NAME,EMAIL,PHONE_NUMBER,DOB,PASSPORT_NUMBER,EMPLOYMENT_TYPE_ID,EMPLOYMENT_DESIGNATION_ID,EMPLOYMENT_STATUS_ID,COMMENTS,CREATED_BY,CREATED_ON,UPDATED_BY,UPDATED_ON) values (1,1001,'John','Doe','john.doe@example.com','+1234567890',to_date('15-MAY-80','DD-MON-RR'),'AB1234567',1,6,2,'Comment for Administrator 1',null,null,null,null);
Insert into UMS.ADMINISTRATOR (ID,UNIVERSITY_ADMINISTRATOR_NUMBER,FIRST_NAME,LAST_NAME,EMAIL,PHONE_NUMBER,DOB,PASSPORT_NUMBER,EMPLOYMENT_TYPE_ID,EMPLOYMENT_DESIGNATION_ID,EMPLOYMENT_STATUS_ID,COMMENTS,CREATED_BY,CREATED_ON,UPDATED_BY,UPDATED_ON) values (2,1002,'Jane','Smith','jane.smith@example.com','+1987654321',to_date('20-SEP-75','DD-MON-RR'),'CD2345678',1,6,2,'Comment for Administrator 2',null,null,null,null);
Insert into UMS.ADMINISTRATOR (ID,UNIVERSITY_ADMINISTRATOR_NUMBER,FIRST_NAME,LAST_NAME,EMAIL,PHONE_NUMBER,DOB,PASSPORT_NUMBER,EMPLOYMENT_TYPE_ID,EMPLOYMENT_DESIGNATION_ID,EMPLOYMENT_STATUS_ID,COMMENTS,CREATED_BY,CREATED_ON,UPDATED_BY,UPDATED_ON) values (3,1003,'Michael','Johnson','michael.johnson@example.com','+1122334455',to_date('30-NOV-82','DD-MON-RR'),'EF3456789',1,6,3,'Comment for Administrator 3',null,null,null,null);
Insert into UMS.ADMINISTRATOR (ID,UNIVERSITY_ADMINISTRATOR_NUMBER,FIRST_NAME,LAST_NAME,EMAIL,PHONE_NUMBER,DOB,PASSPORT_NUMBER,EMPLOYMENT_TYPE_ID,EMPLOYMENT_DESIGNATION_ID,EMPLOYMENT_STATUS_ID,COMMENTS,CREATED_BY,CREATED_ON,UPDATED_BY,UPDATED_ON) values (4,1004,'Emily','Brown','emily.brown@example.com','+1555666777',to_date('10-AUG-78','DD-MON-RR'),'GH4567890',1,6,3,'Comment for Administrator 4',null,null,null,null);
Insert into UMS.ADMINISTRATOR (ID,UNIVERSITY_ADMINISTRATOR_NUMBER,FIRST_NAME,LAST_NAME,EMAIL,PHONE_NUMBER,DOB,PASSPORT_NUMBER,EMPLOYMENT_TYPE_ID,EMPLOYMENT_DESIGNATION_ID,EMPLOYMENT_STATUS_ID,COMMENTS,CREATED_BY,CREATED_ON,UPDATED_BY,UPDATED_ON) values (5,1003,'Christopher','Wilson','christopher.wilson@example.com','+1444333222',to_date('25-MAR-85','DD-MON-RR'),'IJ5678901',1,6,2,'Comment for Administrator 5',null,null,null,null);
REM INSERTING into UMS.BUILDING
SET DEFINE OFF;
Insert into UMS.BUILDING (ID,NAME,DESCRIPTION,COMMENTS,CREATED_BY,CREATED_ON,UPDATED_BY,UPDATED_ON) values (1,'Snell Library','360, MA 02115',null,'UMS',to_date('20-MAR-24','DD-MON-RR'),'UMS',to_date('20-MAR-24','DD-MON-RR'));
Insert into UMS.BUILDING (ID,NAME,DESCRIPTION,COMMENTS,CREATED_BY,CREATED_ON,UPDATED_BY,UPDATED_ON) values (2,'Cullinane Hall','288',null,'UMS',to_date('20-MAR-24','DD-MON-RR'),'UMS',to_date('20-MAR-24','DD-MON-RR'));
Insert into UMS.BUILDING (ID,NAME,DESCRIPTION,COMMENTS,CREATED_BY,CREATED_ON,UPDATED_BY,UPDATED_ON) values (3,'Ell hall','346',null,'UMS',to_date('20-MAR-24','DD-MON-RR'),'UMS',to_date('20-MAR-24','DD-MON-RR'));
Insert into UMS.BUILDING (ID,NAME,DESCRIPTION,COMMENTS,CREATED_BY,CREATED_ON,UPDATED_BY,UPDATED_ON) values (4,'Dodge Hall','324',null,'UMS',to_date('20-MAR-24','DD-MON-RR'),'UMS',to_date('20-MAR-24','DD-MON-RR'));
Insert into UMS.BUILDING (ID,NAME,DESCRIPTION,COMMENTS,CREATED_BY,CREATED_ON,UPDATED_BY,UPDATED_ON) values (5,'BHCS','Behrakis',null,'UMS',to_date('20-MAR-24','DD-MON-RR'),'UMS',to_date('20-MAR-24','DD-MON-RR'));
REM INSERTING into UMS.COLLEGE
SET DEFINE OFF;
Insert into UMS.COLLEGE (ID,NAME,DESCRIPTION,IS_ENABLED,CREATED_BY,CREATED_ON,UPDATED_BY,UPDATED_ON) values (1,'College of Engineering','','Y','Admin',to_date('19-MAR-24','DD-MON-RR'),'UMS',to_date('20-MAR-24','DD-MON-RR'));
Insert into UMS.COLLEGE (ID,NAME,DESCRIPTION,IS_ENABLED,CREATED_BY,CREATED_ON,UPDATED_BY,UPDATED_ON) values (2,'DAmore McKim School of Business','','Y','Admin',to_date('19-MAR-24','DD-MON-RR'),'UMS',to_date('20-MAR-24','DD-MON-RR'));
Insert into UMS.COLLEGE (ID,NAME,DESCRIPTION,IS_ENABLED,CREATED_BY,CREATED_ON,UPDATED_BY,UPDATED_ON) values (3,'Bouve College of Health Sciences','','Y','Admin',to_date('19-MAR-24','DD-MON-RR'),'UMS',to_date('20-MAR-24','DD-MON-RR'));
Insert into UMS.COLLEGE (ID,NAME,DESCRIPTION,IS_ENABLED,CREATED_BY,CREATED_ON,UPDATED_BY,UPDATED_ON) values (4,'College of Arts and Sciences','','Y','Admin',to_date('19-MAR-24','DD-MON-RR'),'UMS',to_date('20-MAR-24','DD-MON-RR'));
Insert into UMS.COLLEGE (ID,NAME,DESCRIPTION,IS_ENABLED,CREATED_BY,CREATED_ON,UPDATED_BY,UPDATED_ON) values (5,'College of Social Sciences and Humanities','','Y','Admin',to_date('19-MAR-24','DD-MON-RR'),'UMS',to_date('20-MAR-24','DD-MON-RR'));
REM INSERTING into UMS.COURSE
SET DEFINE OFF;
Insert into UMS.COURSE (ID,COURSE_CATALOG_ID,CRN,TERM_ID,SEATING_CAPACITY,PROFESSOR_ID,CREATED_BY,CREATED_ON,UPDATED_BY,UPDATED_ON) values (1,1,12345,1,80,1,'System',to_date('12-APR-24','DD-MON-RR'),null,null);
Insert into UMS.COURSE (ID,COURSE_CATALOG_ID,CRN,TERM_ID,SEATING_CAPACITY,PROFESSOR_ID,CREATED_BY,CREATED_ON,UPDATED_BY,UPDATED_ON) values (79,7,12346,12,25,3,'UMS',to_date('12-APR-24','DD-MON-RR'),null,null);
Insert into UMS.COURSE (ID,COURSE_CATALOG_ID,CRN,TERM_ID,SEATING_CAPACITY,PROFESSOR_ID,CREATED_BY,CREATED_ON,UPDATED_BY,UPDATED_ON) values (80,8,12347,12,30,3,'UMS',to_date('12-APR-24','DD-MON-RR'),null,null);
Insert into UMS.COURSE (ID,COURSE_CATALOG_ID,CRN,TERM_ID,SEATING_CAPACITY,PROFESSOR_ID,CREATED_BY,CREATED_ON,UPDATED_BY,UPDATED_ON) values (81,9,12348,12,30,3,'UMS',to_date('12-APR-24','DD-MON-RR'),null,null);
Insert into UMS.COURSE (ID,COURSE_CATALOG_ID,CRN,TERM_ID,SEATING_CAPACITY,PROFESSOR_ID,CREATED_BY,CREATED_ON,UPDATED_BY,UPDATED_ON) values (82,1,45479,1,80,1,'UMS',to_date('12-APR-24','DD-MON-RR'),null,null);
Insert into UMS.COURSE (ID,COURSE_CATALOG_ID,CRN,TERM_ID,SEATING_CAPACITY,PROFESSOR_ID,CREATED_BY,CREATED_ON,UPDATED_BY,UPDATED_ON) values (83,1,55479,5,2,1,'UMS',to_date('12-APR-24','DD-MON-RR'),null,null);
Insert into UMS.COURSE (ID,COURSE_CATALOG_ID,CRN,TERM_ID,SEATING_CAPACITY,PROFESSOR_ID,CREATED_BY,CREATED_ON,UPDATED_BY,UPDATED_ON) values (70,14,1405,5,65,null,'UMS',to_date('20-MAR-24','DD-MON-RR'),'UMS',to_date('21-MAR-24','DD-MON-RR'));
Insert into UMS.COURSE (ID,COURSE_CATALOG_ID,CRN,TERM_ID,SEATING_CAPACITY,PROFESSOR_ID,CREATED_BY,CREATED_ON,UPDATED_BY,UPDATED_ON) values (71,1,1116,5,60,1,'UMS',to_date('20-MAR-24','DD-MON-RR'),'UMS',to_date('07-APR-24','DD-MON-RR'));
Insert into UMS.COURSE (ID,COURSE_CATALOG_ID,CRN,TERM_ID,SEATING_CAPACITY,PROFESSOR_ID,CREATED_BY,CREATED_ON,UPDATED_BY,UPDATED_ON) values (72,2,1217,5,60,1,'UMS',to_date('20-MAR-24','DD-MON-RR'),'UMS',to_date('21-MAR-24','DD-MON-RR'));
Insert into UMS.COURSE (ID,COURSE_CATALOG_ID,CRN,TERM_ID,SEATING_CAPACITY,PROFESSOR_ID,CREATED_BY,CREATED_ON,UPDATED_BY,UPDATED_ON) values (73,4,1416,2,60,2,'UMS',to_date('20-MAR-24','DD-MON-RR'),'UMS',to_date('21-MAR-24','DD-MON-RR'));
Insert into UMS.COURSE (ID,COURSE_CATALOG_ID,CRN,TERM_ID,SEATING_CAPACITY,PROFESSOR_ID,CREATED_BY,CREATED_ON,UPDATED_BY,UPDATED_ON) values (74,5,1516,3,60,2,'UMS',to_date('20-MAR-24','DD-MON-RR'),'UMS',to_date('21-MAR-24','DD-MON-RR'));
Insert into UMS.COURSE (ID,COURSE_CATALOG_ID,CRN,TERM_ID,SEATING_CAPACITY,PROFESSOR_ID,CREATED_BY,CREATED_ON,UPDATED_BY,UPDATED_ON) values (75,7,1716,2,60,3,'UMS',to_date('20-MAR-24','DD-MON-RR'),'UMS',to_date('21-MAR-24','DD-MON-RR'));
Insert into UMS.COURSE (ID,COURSE_CATALOG_ID,CRN,TERM_ID,SEATING_CAPACITY,PROFESSOR_ID,CREATED_BY,CREATED_ON,UPDATED_BY,UPDATED_ON) values (76,8,1816,2,60,4,'UMS',to_date('20-MAR-24','DD-MON-RR'),'UMS',to_date('21-MAR-24','DD-MON-RR'));
Insert into UMS.COURSE (ID,COURSE_CATALOG_ID,CRN,TERM_ID,SEATING_CAPACITY,PROFESSOR_ID,CREATED_BY,CREATED_ON,UPDATED_BY,UPDATED_ON) values (77,10,10016,5,60,5,'UMS',to_date('20-MAR-24','DD-MON-RR'),'UMS',to_date('21-MAR-24','DD-MON-RR'));
Insert into UMS.COURSE (ID,COURSE_CATALOG_ID,CRN,TERM_ID,SEATING_CAPACITY,PROFESSOR_ID,CREATED_BY,CREATED_ON,UPDATED_BY,UPDATED_ON) values (78,11,11016,5,60,5,'UMS',to_date('20-MAR-24','DD-MON-RR'),'UMS',to_date('21-MAR-24','DD-MON-RR'));
REM INSERTING into UMS.COURSE_ASSESSMENT
SET DEFINE OFF;
Insert into UMS.COURSE_ASSESSMENT (ID,COURSE_ID,NAME,WEIGHTAGE,TOTAL_MARKS,COMMENTS,CREATED_BY,CREATED_ON,UPDATED_BY,UPDATED_ON) values (16,83,'Sample Assessment',0.25,100,'Sample Comments','System',to_date('12-APR-24','DD-MON-RR'),null,null);
Insert into UMS.COURSE_ASSESSMENT (ID,COURSE_ID,NAME,WEIGHTAGE,TOTAL_MARKS,COMMENTS,CREATED_BY,CREATED_ON,UPDATED_BY,UPDATED_ON) values (1,72,'MIDTERM',0.25,100,null,'UMS',to_date('20-MAR-24','DD-MON-RR'),null,null);
Insert into UMS.COURSE_ASSESSMENT (ID,COURSE_ID,NAME,WEIGHTAGE,TOTAL_MARKS,COMMENTS,CREATED_BY,CREATED_ON,UPDATED_BY,UPDATED_ON) values (2,73,'MIDTERM',0.25,100,null,'UMS',to_date('20-MAR-24','DD-MON-RR'),null,null);
Insert into UMS.COURSE_ASSESSMENT (ID,COURSE_ID,NAME,WEIGHTAGE,TOTAL_MARKS,COMMENTS,CREATED_BY,CREATED_ON,UPDATED_BY,UPDATED_ON) values (3,74,'MIDTERM',0.25,100,null,'UMS',to_date('20-MAR-24','DD-MON-RR'),null,null);
Insert into UMS.COURSE_ASSESSMENT (ID,COURSE_ID,NAME,WEIGHTAGE,TOTAL_MARKS,COMMENTS,CREATED_BY,CREATED_ON,UPDATED_BY,UPDATED_ON) values (4,75,'MIDTERM',0.25,100,null,'UMS',to_date('20-MAR-24','DD-MON-RR'),null,null);
Insert into UMS.COURSE_ASSESSMENT (ID,COURSE_ID,NAME,WEIGHTAGE,TOTAL_MARKS,COMMENTS,CREATED_BY,CREATED_ON,UPDATED_BY,UPDATED_ON) values (5,76,'MIDTERM',0.25,100,null,'UMS',to_date('20-MAR-24','DD-MON-RR'),null,null);
Insert into UMS.COURSE_ASSESSMENT (ID,COURSE_ID,NAME,WEIGHTAGE,TOTAL_MARKS,COMMENTS,CREATED_BY,CREATED_ON,UPDATED_BY,UPDATED_ON) values (6,77,'MIDTERM',0.25,100,null,'UMS',to_date('20-MAR-24','DD-MON-RR'),null,null);
Insert into UMS.COURSE_ASSESSMENT (ID,COURSE_ID,NAME,WEIGHTAGE,TOTAL_MARKS,COMMENTS,CREATED_BY,CREATED_ON,UPDATED_BY,UPDATED_ON) values (7,78,'MIDTERM',0.25,100,null,'UMS',to_date('20-MAR-24','DD-MON-RR'),null,null);
Insert into UMS.COURSE_ASSESSMENT (ID,COURSE_ID,NAME,WEIGHTAGE,TOTAL_MARKS,COMMENTS,CREATED_BY,CREATED_ON,UPDATED_BY,UPDATED_ON) values (8,72,'FINAL',0.75,100,null,'UMS',to_date('20-MAR-24','DD-MON-RR'),null,null);
Insert into UMS.COURSE_ASSESSMENT (ID,COURSE_ID,NAME,WEIGHTAGE,TOTAL_MARKS,COMMENTS,CREATED_BY,CREATED_ON,UPDATED_BY,UPDATED_ON) values (9,73,'FINAL',0.75,100,null,'UMS',to_date('20-MAR-24','DD-MON-RR'),null,null);
Insert into UMS.COURSE_ASSESSMENT (ID,COURSE_ID,NAME,WEIGHTAGE,TOTAL_MARKS,COMMENTS,CREATED_BY,CREATED_ON,UPDATED_BY,UPDATED_ON) values (10,74,'FINAL',0.75,100,null,'UMS',to_date('20-MAR-24','DD-MON-RR'),null,null);
Insert into UMS.COURSE_ASSESSMENT (ID,COURSE_ID,NAME,WEIGHTAGE,TOTAL_MARKS,COMMENTS,CREATED_BY,CREATED_ON,UPDATED_BY,UPDATED_ON) values (11,75,'FINAL',0.75,100,null,'UMS',to_date('20-MAR-24','DD-MON-RR'),null,null);
Insert into UMS.COURSE_ASSESSMENT (ID,COURSE_ID,NAME,WEIGHTAGE,TOTAL_MARKS,COMMENTS,CREATED_BY,CREATED_ON,UPDATED_BY,UPDATED_ON) values (12,76,'FINAL',0.75,100,null,'UMS',to_date('20-MAR-24','DD-MON-RR'),null,null);
Insert into UMS.COURSE_ASSESSMENT (ID,COURSE_ID,NAME,WEIGHTAGE,TOTAL_MARKS,COMMENTS,CREATED_BY,CREATED_ON,UPDATED_BY,UPDATED_ON) values (13,77,'FINAL',0.75,100,null,'UMS',to_date('20-MAR-24','DD-MON-RR'),null,null);
Insert into UMS.COURSE_ASSESSMENT (ID,COURSE_ID,NAME,WEIGHTAGE,TOTAL_MARKS,COMMENTS,CREATED_BY,CREATED_ON,UPDATED_BY,UPDATED_ON) values (14,78,'FINAL',0.75,100,null,'UMS',to_date('20-MAR-24','DD-MON-RR'),null,null);
REM INSERTING into UMS.COURSE_CATALOG
SET DEFINE OFF;
Insert into UMS.COURSE_CATALOG (ID,COURSE_CODE,COURSE_NAME,DESCRIPTION,CREDITS,PROGRAM_CATALOG_ID,COMMENTS,IS_ENABLED,CREATED_BY,CREATED_ON,UPDATED_BY,UPDATED_ON) values (1,'CSYE3200','OBJECT ORIENTED DESIGN','',4,1,'Y','Y','UMS',to_date('20-MAR-24','DD-MON-RR'),null,null);
Insert into UMS.COURSE_CATALOG (ID,COURSE_CODE,COURSE_NAME,DESCRIPTION,CREDITS,PROGRAM_CATALOG_ID,COMMENTS,IS_ENABLED,CREATED_BY,CREATED_ON,UPDATED_BY,UPDATED_ON) values (2,'CSYE3205','DATABASE MANAGEMENT','',4,1,'Y','Y','UMS',to_date('20-MAR-24','DD-MON-RR'),null,null);
Insert into UMS.COURSE_CATALOG (ID,COURSE_CODE,COURSE_NAME,DESCRIPTION,CREDITS,PROGRAM_CATALOG_ID,COMMENTS,IS_ENABLED,CREATED_BY,CREATED_ON,UPDATED_BY,UPDATED_ON) values (4,'MECH6100','HEAT TRANSFER','',4,2,'Y','Y','UMS',to_date('20-MAR-24','DD-MON-RR'),null,null);
Insert into UMS.COURSE_CATALOG (ID,COURSE_CODE,COURSE_NAME,DESCRIPTION,CREDITS,PROGRAM_CATALOG_ID,COMMENTS,IS_ENABLED,CREATED_BY,CREATED_ON,UPDATED_BY,UPDATED_ON) values (6,'MECH6205','THERMODYNAMICS','',4,2,'Y','Y','UMS',to_date('20-MAR-24','DD-MON-RR'),null,null);
Insert into UMS.COURSE_CATALOG (ID,COURSE_CODE,COURSE_NAME,DESCRIPTION,CREDITS,PROGRAM_CATALOG_ID,COMMENTS,IS_ENABLED,CREATED_BY,CREATED_ON,UPDATED_BY,UPDATED_ON) values (7,'BUSM6100','FINANCIAL MANAGMENT','',3,3,'Y','Y','UMS',to_date('20-MAR-24','DD-MON-RR'),null,null);
Insert into UMS.COURSE_CATALOG (ID,COURSE_CODE,COURSE_NAME,DESCRIPTION,CREDITS,PROGRAM_CATALOG_ID,COMMENTS,IS_ENABLED,CREATED_BY,CREATED_ON,UPDATED_BY,UPDATED_ON) values (8,'BUSM7100','PORTFOLIO MANAGEMENT','',3,3,'Y','Y','UMS',to_date('20-MAR-24','DD-MON-RR'),null,null);
Insert into UMS.COURSE_CATALOG (ID,COURSE_CODE,COURSE_NAME,DESCRIPTION,CREDITS,PROGRAM_CATALOG_ID,COMMENTS,IS_ENABLED,CREATED_BY,CREATED_ON,UPDATED_BY,UPDATED_ON) values (9,'BUSM8200','CAPITAL BUDGETING','',3,3,'Y','Y','UMS',to_date('20-MAR-24','DD-MON-RR'),null,null);
Insert into UMS.COURSE_CATALOG (ID,COURSE_CODE,COURSE_NAME,DESCRIPTION,CREDITS,PROGRAM_CATALOG_ID,COMMENTS,IS_ENABLED,CREATED_BY,CREATED_ON,UPDATED_BY,UPDATED_ON) values (12,'PSCY6300','LIFESPAN EMOTIONAL DEVELOPMENT','',4,4,'Y','Y','UMS',to_date('20-MAR-24','DD-MON-RR'),null,null);
Insert into UMS.COURSE_CATALOG (ID,COURSE_CODE,COURSE_NAME,DESCRIPTION,CREDITS,PROGRAM_CATALOG_ID,COMMENTS,IS_ENABLED,CREATED_BY,CREATED_ON,UPDATED_BY,UPDATED_ON) values (14,'CSYE6205','DATABASE DESIGN AND MANAGEMENT','',4,1,'Y','Y','UMS',to_date('20-MAR-24','DD-MON-RR'),null,null);
Insert into UMS.COURSE_CATALOG (ID,COURSE_CODE,COURSE_NAME,DESCRIPTION,CREDITS,PROGRAM_CATALOG_ID,COMMENTS,IS_ENABLED,CREATED_BY,CREATED_ON,UPDATED_BY,UPDATED_ON) values (3,'INFO2105','UI/UX DESIGN','',4,1,'Y','Y','UMS',to_date('20-MAR-24','DD-MON-RR'),null,null);
Insert into UMS.COURSE_CATALOG (ID,COURSE_CODE,COURSE_NAME,DESCRIPTION,CREDITS,PROGRAM_CATALOG_ID,COMMENTS,IS_ENABLED,CREATED_BY,CREATED_ON,UPDATED_BY,UPDATED_ON) values (5,'MECH5200','INTRO TO MECHANICAL ENGINEERING','',4,2,'Y','Y','UMS',to_date('20-MAR-24','DD-MON-RR'),null,null);
Insert into UMS.COURSE_CATALOG (ID,COURSE_CODE,COURSE_NAME,DESCRIPTION,CREDITS,PROGRAM_CATALOG_ID,COMMENTS,IS_ENABLED,CREATED_BY,CREATED_ON,UPDATED_BY,UPDATED_ON) values (10,'PSCY6200','DEVELOPMENTAL PSYCHOLOGY','',4,4,'Y','Y','UMS',to_date('20-MAR-24','DD-MON-RR'),null,null);
Insert into UMS.COURSE_CATALOG (ID,COURSE_CODE,COURSE_NAME,DESCRIPTION,CREDITS,PROGRAM_CATALOG_ID,COMMENTS,IS_ENABLED,CREATED_BY,CREATED_ON,UPDATED_BY,UPDATED_ON) values (11,'PSCY6201','CLINICAL PSYCHOLOGY','',4,4,'Y','Y','UMS',to_date('20-MAR-24','DD-MON-RR'),null,null);
Insert into UMS.COURSE_CATALOG (ID,COURSE_CODE,COURSE_NAME,DESCRIPTION,CREDITS,PROGRAM_CATALOG_ID,COMMENTS,IS_ENABLED,CREATED_BY,CREATED_ON,UPDATED_BY,UPDATED_ON) values (13,'CSYE6200','ADVANCED OBJECT ORIENTED DESIGN','',4,1,'Y','Y','UMS',to_date('20-MAR-24','DD-MON-RR'),null,null);
REM INSERTING into UMS.COURSE_SCHEDULE
SET DEFINE OFF;
Insert into UMS.COURSE_SCHEDULE (ID,COURSE_ID,DAY,START_TIME,END_TIME,LOCATION_ID,CREATED_BY,CREATED_ON,UPDATED_BY,UPDATED_ON) values (1,71,'Monday',to_timestamp('01-MAR-24 09.00.00.000000000 AM','DD-MON-RR HH.MI.SSXFF AM'),to_timestamp('01-MAR-24 12.00.00.000000000 PM','DD-MON-RR HH.MI.SSXFF AM'),1,'UMS',to_date('21-MAR-24','DD-MON-RR'),null,null);
Insert into UMS.COURSE_SCHEDULE (ID,COURSE_ID,DAY,START_TIME,END_TIME,LOCATION_ID,CREATED_BY,CREATED_ON,UPDATED_BY,UPDATED_ON) values (2,72,'Tuesday',to_timestamp('01-MAR-24 10.00.00.000000000 AM','DD-MON-RR HH.MI.SSXFF AM'),to_timestamp('01-MAR-24 01.00.00.000000000 PM','DD-MON-RR HH.MI.SSXFF AM'),4,'UMS',to_date('21-MAR-24','DD-MON-RR'),null,null);
Insert into UMS.COURSE_SCHEDULE (ID,COURSE_ID,DAY,START_TIME,END_TIME,LOCATION_ID,CREATED_BY,CREATED_ON,UPDATED_BY,UPDATED_ON) values (3,73,'Wednesday',to_timestamp('01-MAR-24 11.00.00.000000000 AM','DD-MON-RR HH.MI.SSXFF AM'),to_timestamp('01-MAR-24 02.00.00.000000000 PM','DD-MON-RR HH.MI.SSXFF AM'),7,'UMS',to_date('21-MAR-24','DD-MON-RR'),null,null);
Insert into UMS.COURSE_SCHEDULE (ID,COURSE_ID,DAY,START_TIME,END_TIME,LOCATION_ID,CREATED_BY,CREATED_ON,UPDATED_BY,UPDATED_ON) values (4,74,'Thursday',to_timestamp('01-MAR-24 12.00.00.000000000 PM','DD-MON-RR HH.MI.SSXFF AM'),to_timestamp('01-MAR-24 03.00.00.000000000 PM','DD-MON-RR HH.MI.SSXFF AM'),1,'UMS',to_date('21-MAR-24','DD-MON-RR'),null,null);
Insert into UMS.COURSE_SCHEDULE (ID,COURSE_ID,DAY,START_TIME,END_TIME,LOCATION_ID,CREATED_BY,CREATED_ON,UPDATED_BY,UPDATED_ON) values (5,75,'Friday',to_timestamp('01-MAR-24 01.00.00.000000000 PM','DD-MON-RR HH.MI.SSXFF AM'),to_timestamp('01-MAR-24 04.00.00.000000000 PM','DD-MON-RR HH.MI.SSXFF AM'),1,'UMS',to_date('21-MAR-24','DD-MON-RR'),null,null);
Insert into UMS.COURSE_SCHEDULE (ID,COURSE_ID,DAY,START_TIME,END_TIME,LOCATION_ID,CREATED_BY,CREATED_ON,UPDATED_BY,UPDATED_ON) values (6,76,'Monday',to_timestamp('01-MAR-24 02.00.00.000000000 PM','DD-MON-RR HH.MI.SSXFF AM'),to_timestamp('01-MAR-24 05.00.00.000000000 PM','DD-MON-RR HH.MI.SSXFF AM'),4,'UMS',to_date('21-MAR-24','DD-MON-RR'),null,null);
Insert into UMS.COURSE_SCHEDULE (ID,COURSE_ID,DAY,START_TIME,END_TIME,LOCATION_ID,CREATED_BY,CREATED_ON,UPDATED_BY,UPDATED_ON) values (7,77,'Tuesday',to_timestamp('01-MAR-24 03.00.00.000000000 PM','DD-MON-RR HH.MI.SSXFF AM'),to_timestamp('01-MAR-24 06.00.00.000000000 PM','DD-MON-RR HH.MI.SSXFF AM'),7,'UMS',to_date('21-MAR-24','DD-MON-RR'),null,null);
Insert into UMS.COURSE_SCHEDULE (ID,COURSE_ID,DAY,START_TIME,END_TIME,LOCATION_ID,CREATED_BY,CREATED_ON,UPDATED_BY,UPDATED_ON) values (8,78,'Wednesday',to_timestamp('01-MAR-24 04.00.00.000000000 PM','DD-MON-RR HH.MI.SSXFF AM'),to_timestamp('01-MAR-24 07.00.00.000000000 PM','DD-MON-RR HH.MI.SSXFF AM'),10,'UMS',to_date('21-MAR-24','DD-MON-RR'),null,null);
REM INSERTING into UMS.COURSE_TEACHING_ASSISTANT
SET DEFINE OFF;
Insert into UMS.COURSE_TEACHING_ASSISTANT (ID,COURSE_ID,STUDENT_ID,START_DATE,END_DATE,EMPLOYMENT_TYPE_ID,EMPLOYMENT_DESIGNATION_ID,EMPLOYMENT_STATUS_ID,COMMENTS,CREATED_BY,CREATED_ON,UPDATED_BY,UPDATED_ON) values (4,73,3,to_date('01-JAN-23','DD-MON-RR'),to_date('30-APR-23','DD-MON-RR'),2,5,1,null,'UMS',to_date('21-MAR-24','DD-MON-RR'),null,null);
Insert into UMS.COURSE_TEACHING_ASSISTANT (ID,COURSE_ID,STUDENT_ID,START_DATE,END_DATE,EMPLOYMENT_TYPE_ID,EMPLOYMENT_DESIGNATION_ID,EMPLOYMENT_STATUS_ID,COMMENTS,CREATED_BY,CREATED_ON,UPDATED_BY,UPDATED_ON) values (5,74,3,to_date('01-SEP-23','DD-MON-RR'),to_date('31-DEC-23','DD-MON-RR'),2,5,1,null,'UMS',to_date('21-MAR-24','DD-MON-RR'),null,null);
Insert into UMS.COURSE_TEACHING_ASSISTANT (ID,COURSE_ID,STUDENT_ID,START_DATE,END_DATE,EMPLOYMENT_TYPE_ID,EMPLOYMENT_DESIGNATION_ID,EMPLOYMENT_STATUS_ID,COMMENTS,CREATED_BY,CREATED_ON,UPDATED_BY,UPDATED_ON) values (100,71,1,to_date('01-SEP-24','DD-MON-RR'),to_date('31-DEC-24','DD-MON-RR'),2,5,1,'Test TA Assignment 2','UMS',to_date('04-APR-24','DD-MON-RR'),null,null);
Insert into UMS.COURSE_TEACHING_ASSISTANT (ID,COURSE_ID,STUDENT_ID,START_DATE,END_DATE,EMPLOYMENT_TYPE_ID,EMPLOYMENT_DESIGNATION_ID,EMPLOYMENT_STATUS_ID,COMMENTS,CREATED_BY,CREATED_ON,UPDATED_BY,UPDATED_ON) values (101,71,1,to_date('01-SEP-24','DD-MON-RR'),to_date('31-DEC-24','DD-MON-RR'),2,5,1,'Test TA Assignment 2','UMS',to_date('04-APR-24','DD-MON-RR'),null,null);
REM INSERTING into UMS.DEGREE_TYPE
SET DEFINE OFF;
Insert into UMS.DEGREE_TYPE (ID,NAME,DESCRIPTION,IS_ENABLED,CREATED_BY,CREATED_ON,UPDATED_BY,UPDATED_ON) values (1,'Bachelors','Description for Bachelors','Y','Admin',to_date('19-MAR-24','DD-MON-RR'),'Admin',to_date('19-MAR-24','DD-MON-RR'));
Insert into UMS.DEGREE_TYPE (ID,NAME,DESCRIPTION,IS_ENABLED,CREATED_BY,CREATED_ON,UPDATED_BY,UPDATED_ON) values (2,'Master','Description for Masters','Y','Admin',to_date('19-MAR-24','DD-MON-RR'),'Admin',to_date('19-MAR-24','DD-MON-RR'));
Insert into UMS.DEGREE_TYPE (ID,NAME,DESCRIPTION,IS_ENABLED,CREATED_BY,CREATED_ON,UPDATED_BY,UPDATED_ON) values (3,'PhD','Doctor of philosophy','Y','Admin',to_date('19-MAR-24','DD-MON-RR'),'Admin',to_date('19-MAR-24','DD-MON-RR'));
REM INSERTING into UMS.EMPLOYMENT_DESIGNATION
SET DEFINE OFF;
Insert into UMS.EMPLOYMENT_DESIGNATION (ID,NAME,EMPLOYMENT_GRADE_ID,DESCRIPTION,COMMENTS,IS_ENABLED,CREATED_BY,CREATED_ON,UPDATED_BY,UPDATED_ON) values (1,'Assistant Professor',2,'Teaches courses and conducts research',null,'Y','UMS',to_date('20-MAR-24','DD-MON-RR'),null,null);
Insert into UMS.EMPLOYMENT_DESIGNATION (ID,NAME,EMPLOYMENT_GRADE_ID,DESCRIPTION,COMMENTS,IS_ENABLED,CREATED_BY,CREATED_ON,UPDATED_BY,UPDATED_ON) values (2,'Professor',1,'Assists senior professors and conducts research',null,'Y','UMS',to_date('20-MAR-24','DD-MON-RR'),null,null);
Insert into UMS.EMPLOYMENT_DESIGNATION (ID,NAME,EMPLOYMENT_GRADE_ID,DESCRIPTION,COMMENTS,IS_ENABLED,CREATED_BY,CREATED_ON,UPDATED_BY,UPDATED_ON) values (3,'Associate Professor',2,'Senior academic rank below a full professor',null,'Y','UMS',to_date('20-MAR-24','DD-MON-RR'),null,null);
Insert into UMS.EMPLOYMENT_DESIGNATION (ID,NAME,EMPLOYMENT_GRADE_ID,DESCRIPTION,COMMENTS,IS_ENABLED,CREATED_BY,CREATED_ON,UPDATED_BY,UPDATED_ON) values (4,'Research Assistant',3,'Teaches courses without conducting research',null,'Y','UMS',to_date('20-MAR-24','DD-MON-RR'),null,null);
Insert into UMS.EMPLOYMENT_DESIGNATION (ID,NAME,EMPLOYMENT_GRADE_ID,DESCRIPTION,COMMENTS,IS_ENABLED,CREATED_BY,CREATED_ON,UPDATED_BY,UPDATED_ON) values (5,'Teaching Assistant',4,'Conducts scientific research within the university',null,'Y','UMS',to_date('20-MAR-24','DD-MON-RR'),null,null);
Insert into UMS.EMPLOYMENT_DESIGNATION (ID,NAME,EMPLOYMENT_GRADE_ID,DESCRIPTION,COMMENTS,IS_ENABLED,CREATED_BY,CREATED_ON,UPDATED_BY,UPDATED_ON) values (6,'Administrator',1,'Responsible for managing the software unit of ums',null,'Y','UMS',to_date('21-MAR-24','DD-MON-RR'),null,null);
REM INSERTING into UMS.EMPLOYMENT_GRADE
SET DEFINE OFF;
Insert into UMS.EMPLOYMENT_GRADE (ID,NAME,DESCRIPTION,COMMENTS,IS_ENABLED,CREATED_BY,CREATED_ON,UPDATED_BY,UPDATED_ON) values (1,'A','Senior Staff','Senior management level','Y','UMS',to_date('19-MAR-24','DD-MON-RR'),null,null);
Insert into UMS.EMPLOYMENT_GRADE (ID,NAME,DESCRIPTION,COMMENTS,IS_ENABLED,CREATED_BY,CREATED_ON,UPDATED_BY,UPDATED_ON) values (2,'B','Staff','Regular staff level','Y','UMS',to_date('19-MAR-24','DD-MON-RR'),null,null);
Insert into UMS.EMPLOYMENT_GRADE (ID,NAME,DESCRIPTION,COMMENTS,IS_ENABLED,CREATED_BY,CREATED_ON,UPDATED_BY,UPDATED_ON) values (3,'C','Junior Staff','Entry-level staff','Y','UMS',to_date('19-MAR-24','DD-MON-RR'),null,null);
Insert into UMS.EMPLOYMENT_GRADE (ID,NAME,DESCRIPTION,COMMENTS,IS_ENABLED,CREATED_BY,CREATED_ON,UPDATED_BY,UPDATED_ON) values (4,'D','Entry-Level Associate','Entry-level associate','Y','UMS',to_date('19-MAR-24','DD-MON-RR'),null,null);
Insert into UMS.EMPLOYMENT_GRADE (ID,NAME,DESCRIPTION,COMMENTS,IS_ENABLED,CREATED_BY,CREATED_ON,UPDATED_BY,UPDATED_ON) values (5,'E','Intern','Internship position','Y','UMS',to_date('19-MAR-24','DD-MON-RR'),null,null);
REM INSERTING into UMS.EMPLOYMENT_STATUS
SET DEFINE OFF;
Insert into UMS.EMPLOYMENT_STATUS (ID,NAME,IS_ENABLED,COMMENTS,CREATED_BY,CREATED_ON,UPDATED_BY,UPDATED_ON) values (1,'Pending','Y','Employee status is pending','UMS',to_date('19-MAR-24','DD-MON-RR'),null,null);
Insert into UMS.EMPLOYMENT_STATUS (ID,NAME,IS_ENABLED,COMMENTS,CREATED_BY,CREATED_ON,UPDATED_BY,UPDATED_ON) values (2,'Current','Y','Employee is currently employed','UMS',to_date('19-MAR-24','DD-MON-RR'),null,null);
Insert into UMS.EMPLOYMENT_STATUS (ID,NAME,IS_ENABLED,COMMENTS,CREATED_BY,CREATED_ON,UPDATED_BY,UPDATED_ON) values (3,'Former','Y','Employee is a former employee','UMS',to_date('19-MAR-24','DD-MON-RR'),null,null);
REM INSERTING into UMS.EMPLOYMENT_TYPE
SET DEFINE OFF;
Insert into UMS.EMPLOYMENT_TYPE (ID,NAME,IS_ENABLED,COMMENTS,CREATED_BY,CREATED_ON,UPDATED_BY,UPDATED_ON) values (1,'Full-Time','Y','Full-time employment','UMS',to_date('19-MAR-24','DD-MON-RR'),null,null);
Insert into UMS.EMPLOYMENT_TYPE (ID,NAME,IS_ENABLED,COMMENTS,CREATED_BY,CREATED_ON,UPDATED_BY,UPDATED_ON) values (2,'Part-Time','Y','Part-time employment','UMS',to_date('19-MAR-24','DD-MON-RR'),null,null);
Insert into UMS.EMPLOYMENT_TYPE (ID,NAME,IS_ENABLED,COMMENTS,CREATED_BY,CREATED_ON,UPDATED_BY,UPDATED_ON) values (3,'Contract','Y','Contract-based employment','UMS',to_date('19-MAR-24','DD-MON-RR'),null,null);
Insert into UMS.EMPLOYMENT_TYPE (ID,NAME,IS_ENABLED,COMMENTS,CREATED_BY,CREATED_ON,UPDATED_BY,UPDATED_ON) values (4,'Ex-Employee','Y','Former employee','UMS',to_date('19-MAR-24','DD-MON-RR'),null,null);
REM INSERTING into UMS.FLOOR
SET DEFINE OFF;
Insert into UMS.FLOOR (ID,NAME,CREATED_BY,CREATED_ON,UPDATED_BY,UPDATED_ON) values (1,'Basement','UMS',to_date('19-MAR-24','DD-MON-RR'),null,null);
Insert into UMS.FLOOR (ID,NAME,CREATED_BY,CREATED_ON,UPDATED_BY,UPDATED_ON) values (2,'First','UMS',to_date('19-MAR-24','DD-MON-RR'),null,null);
Insert into UMS.FLOOR (ID,NAME,CREATED_BY,CREATED_ON,UPDATED_BY,UPDATED_ON) values (3,'Second','UMS',to_date('19-MAR-24','DD-MON-RR'),null,null);
Insert into UMS.FLOOR (ID,NAME,CREATED_BY,CREATED_ON,UPDATED_BY,UPDATED_ON) values (4,'Third','UMS',to_date('19-MAR-24','DD-MON-RR'),null,null);
Insert into UMS.FLOOR (ID,NAME,CREATED_BY,CREATED_ON,UPDATED_BY,UPDATED_ON) values (5,'Fourth','UMS',to_date('19-MAR-24','DD-MON-RR'),null,null);
Insert into UMS.FLOOR (ID,NAME,CREATED_BY,CREATED_ON,UPDATED_BY,UPDATED_ON) values (6,'Fifth','UMS',to_date('19-MAR-24','DD-MON-RR'),null,null);
Insert into UMS.FLOOR (ID,NAME,CREATED_BY,CREATED_ON,UPDATED_BY,UPDATED_ON) values (7,'Sixth','UMS',to_date('19-MAR-24','DD-MON-RR'),null,null);
Insert into UMS.FLOOR (ID,NAME,CREATED_BY,CREATED_ON,UPDATED_BY,UPDATED_ON) values (8,'Seventh','UMS',to_date('19-MAR-24','DD-MON-RR'),null,null);
Insert into UMS.FLOOR (ID,NAME,CREATED_BY,CREATED_ON,UPDATED_BY,UPDATED_ON) values (9,'Eighth','UMS',to_date('19-MAR-24','DD-MON-RR'),null,null);
Insert into UMS.FLOOR (ID,NAME,CREATED_BY,CREATED_ON,UPDATED_BY,UPDATED_ON) values (10,'Ninth','UMS',to_date('19-MAR-24','DD-MON-RR'),null,null);
Insert into UMS.FLOOR (ID,NAME,CREATED_BY,CREATED_ON,UPDATED_BY,UPDATED_ON) values (11,'Tenth','UMS',to_date('19-MAR-24','DD-MON-RR'),null,null);
REM INSERTING into UMS.GRADE
SET DEFINE OFF;
Insert into UMS.GRADE (ID,NAME,COMMENTS,IS_ENABLED,CREATED_BY,CREATED_ON,UPDATED_BY,UPDATED_ON) values (1,'A','>= 95%','Y','UMS',to_date('19-MAR-24','DD-MON-RR'),null,null);
Insert into UMS.GRADE (ID,NAME,COMMENTS,IS_ENABLED,CREATED_BY,CREATED_ON,UPDATED_BY,UPDATED_ON) values (2,'A-','>=90% and <95%','Y','UMS',to_date('19-MAR-24','DD-MON-RR'),null,null);
Insert into UMS.GRADE (ID,NAME,COMMENTS,IS_ENABLED,CREATED_BY,CREATED_ON,UPDATED_BY,UPDATED_ON) values (3,'B+','>=87% and <90%','Y','UMS',to_date('19-MAR-24','DD-MON-RR'),null,null);
Insert into UMS.GRADE (ID,NAME,COMMENTS,IS_ENABLED,CREATED_BY,CREATED_ON,UPDATED_BY,UPDATED_ON) values (4,'B','>=83% and <87%','Y','UMS',to_date('19-MAR-24','DD-MON-RR'),null,null);
Insert into UMS.GRADE (ID,NAME,COMMENTS,IS_ENABLED,CREATED_BY,CREATED_ON,UPDATED_BY,UPDATED_ON) values (5,'B-','>=80% and <83%','Y','UMS',to_date('19-MAR-24','DD-MON-RR'),null,null);
Insert into UMS.GRADE (ID,NAME,COMMENTS,IS_ENABLED,CREATED_BY,CREATED_ON,UPDATED_BY,UPDATED_ON) values (6,'C+','>=77% and <80%','Y','UMS',to_date('19-MAR-24','DD-MON-RR'),null,null);
Insert into UMS.GRADE (ID,NAME,COMMENTS,IS_ENABLED,CREATED_BY,CREATED_ON,UPDATED_BY,UPDATED_ON) values (7,'C','>=73% and <77%','Y','UMS',to_date('19-MAR-24','DD-MON-RR'),null,null);
Insert into UMS.GRADE (ID,NAME,COMMENTS,IS_ENABLED,CREATED_BY,CREATED_ON,UPDATED_BY,UPDATED_ON) values (8,'C-','>=70% and <73%','Y','UMS',to_date('19-MAR-24','DD-MON-RR'),null,null);
Insert into UMS.GRADE (ID,NAME,COMMENTS,IS_ENABLED,CREATED_BY,CREATED_ON,UPDATED_BY,UPDATED_ON) values (9,'F','<70%','Y','UMS',to_date('19-MAR-24','DD-MON-RR'),null,null);
REM INSERTING into UMS.LOCATION

SET DEFINE OFF;
Insert into UMS.LOCATION (ID,BUILDING_ID,FLOOR_ID,ROOM_NO,LOCATION_TYPE_ID,SEATING_CAPACITY,CREATED_BY,CREATED_ON,UPDATED_BY,UPDATED_ON) values (1,2,3,325,3,25,'UMS',to_date('20-MAR-24','DD-MON-RR'),null,null);
Insert into UMS.LOCATION (ID,BUILDING_ID,FLOOR_ID,ROOM_NO,LOCATION_TYPE_ID,SEATING_CAPACITY,CREATED_BY,CREATED_ON,UPDATED_BY,UPDATED_ON) values (2,3,4,410,4,90,'UMS',to_date('20-MAR-24','DD-MON-RR'),null,null);
Insert into UMS.LOCATION (ID,BUILDING_ID,FLOOR_ID,ROOM_NO,LOCATION_TYPE_ID,SEATING_CAPACITY,CREATED_BY,CREATED_ON,UPDATED_BY,UPDATED_ON) values (3,4,5,520,1,60,'UMS',to_date('20-MAR-24','DD-MON-RR'),null,null);
Insert into UMS.LOCATION (ID,BUILDING_ID,FLOOR_ID,ROOM_NO,LOCATION_TYPE_ID,SEATING_CAPACITY,CREATED_BY,CREATED_ON,UPDATED_BY,UPDATED_ON) values (4,1,5,510,2,45,'UMS',to_date('20-MAR-24','DD-MON-RR'),null,null);
Insert into UMS.LOCATION (ID,BUILDING_ID,FLOOR_ID,ROOM_NO,LOCATION_TYPE_ID,SEATING_CAPACITY,CREATED_BY,CREATED_ON,UPDATED_BY,UPDATED_ON) values (5,5,3,315,1,60,'UMS',to_date('20-MAR-24','DD-MON-RR'),null,null);
Insert into UMS.LOCATION (ID,BUILDING_ID,FLOOR_ID,ROOM_NO,LOCATION_TYPE_ID,SEATING_CAPACITY,CREATED_BY,CREATED_ON,UPDATED_BY,UPDATED_ON) values (6,3,1,110,1,60,'UMS',to_date('20-MAR-24','DD-MON-RR'),null,null);
Insert into UMS.LOCATION (ID,BUILDING_ID,FLOOR_ID,ROOM_NO,LOCATION_TYPE_ID,SEATING_CAPACITY,CREATED_BY,CREATED_ON,UPDATED_BY,UPDATED_ON) values (7,2,7,715,4,90,'UMS',to_date('20-MAR-24','DD-MON-RR'),null,null);
Insert into UMS.LOCATION (ID,BUILDING_ID,FLOOR_ID,ROOM_NO,LOCATION_TYPE_ID,SEATING_CAPACITY,CREATED_BY,CREATED_ON,UPDATED_BY,UPDATED_ON) values (8,3,9,905,5,20,'UMS',to_date('20-MAR-24','DD-MON-RR'),null,null);
Insert into UMS.LOCATION (ID,BUILDING_ID,FLOOR_ID,ROOM_NO,LOCATION_TYPE_ID,SEATING_CAPACITY,CREATED_BY,CREATED_ON,UPDATED_BY,UPDATED_ON) values (9,4,10,1005,3,25,'UMS',to_date('20-MAR-24','DD-MON-RR'),null,null);
Insert into UMS.LOCATION (ID,BUILDING_ID,FLOOR_ID,ROOM_NO,LOCATION_TYPE_ID,SEATING_CAPACITY,CREATED_BY,CREATED_ON,UPDATED_BY,UPDATED_ON) values (10,1,2,205,2,45,'UMS',to_date('20-MAR-24','DD-MON-RR'),null,null);
REM INSERTING into UMS.LOCATION_TYPE
SET DEFINE OFF;
Insert into UMS.LOCATION_TYPE (ID,NAME,DESCRIPTION,COMMENTS,CREATED_BY,CREATED_ON,UPDATED_BY,UPDATED_ON) values (1,'Classroom','Spaces for lectures and interactive learning.',null,'UMS',to_date('20-MAR-24','DD-MON-RR'),'UMS',to_date('20-MAR-24','DD-MON-RR'));
Insert into UMS.LOCATION_TYPE (ID,NAME,DESCRIPTION,COMMENTS,CREATED_BY,CREATED_ON,UPDATED_BY,UPDATED_ON) values (2,'Lecture Hall','Large venues for formal lectures and presentations.',null,'UMS',to_date('20-MAR-24','DD-MON-RR'),'UMS',to_date('20-MAR-24','DD-MON-RR'));
Insert into UMS.LOCATION_TYPE (ID,NAME,DESCRIPTION,COMMENTS,CREATED_BY,CREATED_ON,UPDATED_BY,UPDATED_ON) values (3,'Study Room','Quiet areas for individual or group study.',null,'UMS',to_date('20-MAR-24','DD-MON-RR'),'UMS',to_date('20-MAR-24','DD-MON-RR'));
Insert into UMS.LOCATION_TYPE (ID,NAME,DESCRIPTION,COMMENTS,CREATED_BY,CREATED_ON,UPDATED_BY,UPDATED_ON) values (4,'Auditorium','Venue for large events, lectures, and performances.',null,'UMS',to_date('20-MAR-24','DD-MON-RR'),'UMS',to_date('20-MAR-24','DD-MON-RR'));
Insert into UMS.LOCATION_TYPE (ID,NAME,DESCRIPTION,COMMENTS,CREATED_BY,CREATED_ON,UPDATED_BY,UPDATED_ON) values (5,'Lab','Equipped facilities for scientific experiments and research.',null,'UMS',to_date('20-MAR-24','DD-MON-RR'),'UMS',to_date('20-MAR-24','DD-MON-RR'));
Insert into UMS.LOCATION_TYPE (ID,NAME,DESCRIPTION,COMMENTS,CREATED_BY,CREATED_ON,UPDATED_BY,UPDATED_ON) values (6,'Seminar Hall','Venue for smaller group discussions and workshops.',null,'UMS',to_date('20-MAR-24','DD-MON-RR'),'UMS',to_date('20-MAR-24','DD-MON-RR'));
Insert into UMS.LOCATION_TYPE (ID,NAME,DESCRIPTION,COMMENTS,CREATED_BY,CREATED_ON,UPDATED_BY,UPDATED_ON) values (7,'Conference Room','Formal meeting spaces for academic discussions.',null,'UMS',to_date('20-MAR-24','DD-MON-RR'),'UMS',to_date('20-MAR-24','DD-MON-RR'));
Insert into UMS.LOCATION_TYPE (ID,NAME,DESCRIPTION,COMMENTS,CREATED_BY,CREATED_ON,UPDATED_BY,UPDATED_ON) values (8,'Administrative Office','Hub for administrative support and services.',null,'UMS',to_date('20-MAR-24','DD-MON-RR'),'UMS',to_date('20-MAR-24','DD-MON-RR'));
Insert into UMS.LOCATION_TYPE (ID,NAME,DESCRIPTION,COMMENTS,CREATED_BY,CREATED_ON,UPDATED_BY,UPDATED_ON) values (9,'Computer Lab','Facilities for computer-based learning and research.',null,'UMS',to_date('20-MAR-24','DD-MON-RR'),'UMS',to_date('20-MAR-24','DD-MON-RR'));
Insert into UMS.LOCATION_TYPE (ID,NAME,DESCRIPTION,COMMENTS,CREATED_BY,CREATED_ON,UPDATED_BY,UPDATED_ON) values (10,'Research Center','Dedicated spaces for advanced research and innovation.',null,'UMS',to_date('20-MAR-24','DD-MON-RR'),'UMS',to_date('20-MAR-24','DD-MON-RR'));
REM INSERTING into UMS.PROFESSOR
SET DEFINE OFF;
Insert into UMS.PROFESSOR (ID,UNIVERSITY_PROFESSOR_NUMBER,FIRST_NAME,LAST_NAME,EMAIL,PHONE_NUMBER,DOB,COLLEGE_ID,EMPLOYMENT_TYPE_ID,EMPLOYMENT_DESIGNATION_ID,EMPLOYMENT_STATUS_ID,COMMENTS,CREATED_BY,CREATED_ON,UPDATED_BY,UPDATED_ON) values (1,'UPN001','John','Doe','john.doe@example.com','+1234567890',to_date('15-MAY-80','DD-MON-RR'),1,1,2,2,'Comment for Professor 1','UMS',to_date('21-MAR-24','DD-MON-RR'),null,null);
Insert into UMS.PROFESSOR (ID,UNIVERSITY_PROFESSOR_NUMBER,FIRST_NAME,LAST_NAME,EMAIL,PHONE_NUMBER,DOB,COLLEGE_ID,EMPLOYMENT_TYPE_ID,EMPLOYMENT_DESIGNATION_ID,EMPLOYMENT_STATUS_ID,COMMENTS,CREATED_BY,CREATED_ON,UPDATED_BY,UPDATED_ON) values (2,'UPN002','Jane','Smith','jane.smith@example.com','+1987654321',to_date('20-SEP-75','DD-MON-RR'),1,1,2,2,'Comment for Professor 2','UMS',to_date('21-MAR-24','DD-MON-RR'),null,null);
Insert into UMS.PROFESSOR (ID,UNIVERSITY_PROFESSOR_NUMBER,FIRST_NAME,LAST_NAME,EMAIL,PHONE_NUMBER,DOB,COLLEGE_ID,EMPLOYMENT_TYPE_ID,EMPLOYMENT_DESIGNATION_ID,EMPLOYMENT_STATUS_ID,COMMENTS,CREATED_BY,CREATED_ON,UPDATED_BY,UPDATED_ON) values (3,'UPN003','Michael','Johnson','michael.johnson@example.com','+1122334455',to_date('30-NOV-82','DD-MON-RR'),2,1,2,2,'Comment for Professor 3','UMS',to_date('21-MAR-24','DD-MON-RR'),null,null);
Insert into UMS.PROFESSOR (ID,UNIVERSITY_PROFESSOR_NUMBER,FIRST_NAME,LAST_NAME,EMAIL,PHONE_NUMBER,DOB,COLLEGE_ID,EMPLOYMENT_TYPE_ID,EMPLOYMENT_DESIGNATION_ID,EMPLOYMENT_STATUS_ID,COMMENTS,CREATED_BY,CREATED_ON,UPDATED_BY,UPDATED_ON) values (4,'UPN004','Emily','Brown','emily.brown@example.com','+1555666777',to_date('10-AUG-78','DD-MON-RR'),2,1,2,2,'Comment for Professor 4','UMS',to_date('21-MAR-24','DD-MON-RR'),null,null);
Insert into UMS.PROFESSOR (ID,UNIVERSITY_PROFESSOR_NUMBER,FIRST_NAME,LAST_NAME,EMAIL,PHONE_NUMBER,DOB,COLLEGE_ID,EMPLOYMENT_TYPE_ID,EMPLOYMENT_DESIGNATION_ID,EMPLOYMENT_STATUS_ID,COMMENTS,CREATED_BY,CREATED_ON,UPDATED_BY,UPDATED_ON) values (5,'UPN005','Christopher','Wilson','christopher.wilson@example.com','+1444333222',to_date('25-MAR-85','DD-MON-RR'),3,1,2,2,'Comment for Professor 5','UMS',to_date('21-MAR-24','DD-MON-RR'),null,null);
Insert into UMS.PROFESSOR (ID,UNIVERSITY_PROFESSOR_NUMBER,FIRST_NAME,LAST_NAME,EMAIL,PHONE_NUMBER,DOB,COLLEGE_ID,EMPLOYMENT_TYPE_ID,EMPLOYMENT_DESIGNATION_ID,EMPLOYMENT_STATUS_ID,COMMENTS,CREATED_BY,CREATED_ON,UPDATED_BY,UPDATED_ON) values (6,'UPN006','Jessica','Martinez','jessica.martinez@example.com','+1777888999',to_date('05-JUL-73','DD-MON-RR'),3,1,2,2,'Comment for Professor 6','UMS',to_date('21-MAR-24','DD-MON-RR'),null,null);
Insert into UMS.PROFESSOR (ID,UNIVERSITY_PROFESSOR_NUMBER,FIRST_NAME,LAST_NAME,EMAIL,PHONE_NUMBER,DOB,COLLEGE_ID,EMPLOYMENT_TYPE_ID,EMPLOYMENT_DESIGNATION_ID,EMPLOYMENT_STATUS_ID,COMMENTS,CREATED_BY,CREATED_ON,UPDATED_BY,UPDATED_ON) values (7,'UPN007','David','Anderson','david.anderson@example.com','+1666999888',to_date('20-JAN-88','DD-MON-RR'),4,1,2,2,'Comment for Professor 7','UMS',to_date('21-MAR-24','DD-MON-RR'),null,null);
Insert into UMS.PROFESSOR (ID,UNIVERSITY_PROFESSOR_NUMBER,FIRST_NAME,LAST_NAME,EMAIL,PHONE_NUMBER,DOB,COLLEGE_ID,EMPLOYMENT_TYPE_ID,EMPLOYMENT_DESIGNATION_ID,EMPLOYMENT_STATUS_ID,COMMENTS,CREATED_BY,CREATED_ON,UPDATED_BY,UPDATED_ON) values (8,'UPN008','Samantha','Taylor','samantha.taylor@example.com','+1888777666',to_date('12-DEC-81','DD-MON-RR'),4,1,2,2,'Comment for Professor 8','UMS',to_date('21-MAR-24','DD-MON-RR'),null,null);
Insert into UMS.PROFESSOR (ID,UNIVERSITY_PROFESSOR_NUMBER,FIRST_NAME,LAST_NAME,EMAIL,PHONE_NUMBER,DOB,COLLEGE_ID,EMPLOYMENT_TYPE_ID,EMPLOYMENT_DESIGNATION_ID,EMPLOYMENT_STATUS_ID,COMMENTS,CREATED_BY,CREATED_ON,UPDATED_BY,UPDATED_ON) values (9,'UPN009','Matthew','Thomas','matthew.thomas@example.com','+1999888777',to_date('18-JUN-77','DD-MON-RR'),5,1,2,2,'Comment for Professor 9','UMS',to_date('21-MAR-24','DD-MON-RR'),null,null);
Insert into UMS.PROFESSOR (ID,UNIVERSITY_PROFESSOR_NUMBER,FIRST_NAME,LAST_NAME,EMAIL,PHONE_NUMBER,DOB,COLLEGE_ID,EMPLOYMENT_TYPE_ID,EMPLOYMENT_DESIGNATION_ID,EMPLOYMENT_STATUS_ID,COMMENTS,CREATED_BY,CREATED_ON,UPDATED_BY,UPDATED_ON) values (10,'UPN010','Amanda','Clark','amanda.clark@example.com','+1222111333',to_date('08-SEP-84','DD-MON-RR'),5,1,2,2,'Comment for Professor 10','UMS',to_date('21-MAR-24','DD-MON-RR'),null,null);
Insert into UMS.PROFESSOR (ID,UNIVERSITY_PROFESSOR_NUMBER,FIRST_NAME,LAST_NAME,EMAIL,PHONE_NUMBER,DOB,COLLEGE_ID,EMPLOYMENT_TYPE_ID,EMPLOYMENT_DESIGNATION_ID,EMPLOYMENT_STATUS_ID,COMMENTS,CREATED_BY,CREATED_ON,UPDATED_BY,UPDATED_ON) values (11,'UPN011','William','White','william.white@example.com','+1333222111',to_date('05-NOV-70','DD-MON-RR'),1,1,2,2,'Comment for Professor 11','UMS',to_date('21-MAR-24','DD-MON-RR'),null,null);
Insert into UMS.PROFESSOR (ID,UNIVERSITY_PROFESSOR_NUMBER,FIRST_NAME,LAST_NAME,EMAIL,PHONE_NUMBER,DOB,COLLEGE_ID,EMPLOYMENT_TYPE_ID,EMPLOYMENT_DESIGNATION_ID,EMPLOYMENT_STATUS_ID,COMMENTS,CREATED_BY,CREATED_ON,UPDATED_BY,UPDATED_ON) values (12,'UPN012','Sarah','Hall','sarah.hall@example.com','+1777444555',to_date('30-APR-83','DD-MON-RR'),2,1,2,2,'Comment for Professor 12','UMS',to_date('21-MAR-24','DD-MON-RR'),null,null);
Insert into UMS.PROFESSOR (ID,UNIVERSITY_PROFESSOR_NUMBER,FIRST_NAME,LAST_NAME,EMAIL,PHONE_NUMBER,DOB,COLLEGE_ID,EMPLOYMENT_TYPE_ID,EMPLOYMENT_DESIGNATION_ID,EMPLOYMENT_STATUS_ID,COMMENTS,CREATED_BY,CREATED_ON,UPDATED_BY,UPDATED_ON) values (13,null,'John','Doe',null,null,null,null,null,null,null,null,null,null,null,null);
Insert into UMS.PROFESSOR (ID,UNIVERSITY_PROFESSOR_NUMBER,FIRST_NAME,LAST_NAME,EMAIL,PHONE_NUMBER,DOB,COLLEGE_ID,EMPLOYMENT_TYPE_ID,EMPLOYMENT_DESIGNATION_ID,EMPLOYMENT_STATUS_ID,COMMENTS,CREATED_BY,CREATED_ON,UPDATED_BY,UPDATED_ON) values (39,'UPN123456','Mankombu','Swaminathan','john.doe@example.com','1234567890',to_date('01-JAN-80','DD-MON-RR'),1,1,2,2,null,null,null,null,null);
REM INSERTING into UMS.PROGRAM
SET DEFINE OFF;
Insert into UMS.PROGRAM (ID,PROGRAM_CATALOG_ID,TERM_ID,PROGRAM_STATUS_ID,COMMENTS,CREATED_BY,CREATED_ON,UPDATED_BY,UPDATED_ON) values (12,5,12,1,'Test comments','UMS',to_date('12-APR-24','DD-MON-RR'),null,null);
Insert into UMS.PROGRAM (ID,PROGRAM_CATALOG_ID,TERM_ID,PROGRAM_STATUS_ID,COMMENTS,CREATED_BY,CREATED_ON,UPDATED_BY,UPDATED_ON) values (13,5,12,1,'Test comments','UMS',to_date('12-APR-24','DD-MON-RR'),null,null);
Insert into UMS.PROGRAM (ID,PROGRAM_CATALOG_ID,TERM_ID,PROGRAM_STATUS_ID,COMMENTS,CREATED_BY,CREATED_ON,UPDATED_BY,UPDATED_ON) values (1,1,1,3,null,'UMS',to_date('20-MAR-24','DD-MON-RR'),null,null);
Insert into UMS.PROGRAM (ID,PROGRAM_CATALOG_ID,TERM_ID,PROGRAM_STATUS_ID,COMMENTS,CREATED_BY,CREATED_ON,UPDATED_BY,UPDATED_ON) values (2,1,2,2,null,'UMS',to_date('20-MAR-24','DD-MON-RR'),null,null);
Insert into UMS.PROGRAM (ID,PROGRAM_CATALOG_ID,TERM_ID,PROGRAM_STATUS_ID,COMMENTS,CREATED_BY,CREATED_ON,UPDATED_BY,UPDATED_ON) values (3,1,3,2,null,'UMS',to_date('20-MAR-24','DD-MON-RR'),null,null);
Insert into UMS.PROGRAM (ID,PROGRAM_CATALOG_ID,TERM_ID,PROGRAM_STATUS_ID,COMMENTS,CREATED_BY,CREATED_ON,UPDATED_BY,UPDATED_ON) values (4,1,4,2,null,'UMS',to_date('20-MAR-24','DD-MON-RR'),null,null);
Insert into UMS.PROGRAM (ID,PROGRAM_CATALOG_ID,TERM_ID,PROGRAM_STATUS_ID,COMMENTS,CREATED_BY,CREATED_ON,UPDATED_BY,UPDATED_ON) values (5,1,5,1,null,'UMS',to_date('20-MAR-24','DD-MON-RR'),null,null);
Insert into UMS.PROGRAM (ID,PROGRAM_CATALOG_ID,TERM_ID,PROGRAM_STATUS_ID,COMMENTS,CREATED_BY,CREATED_ON,UPDATED_BY,UPDATED_ON) values (6,3,1,3,null,'UMS',to_date('20-MAR-24','DD-MON-RR'),null,null);
Insert into UMS.PROGRAM (ID,PROGRAM_CATALOG_ID,TERM_ID,PROGRAM_STATUS_ID,COMMENTS,CREATED_BY,CREATED_ON,UPDATED_BY,UPDATED_ON) values (7,1,6,1,null,'UMS',to_date('20-MAR-24','DD-MON-RR'),null,null);
Insert into UMS.PROGRAM (ID,PROGRAM_CATALOG_ID,TERM_ID,PROGRAM_STATUS_ID,COMMENTS,CREATED_BY,CREATED_ON,UPDATED_BY,UPDATED_ON) values (8,2,3,2,null,'UMS',to_date('20-MAR-24','DD-MON-RR'),null,null);
Insert into UMS.PROGRAM (ID,PROGRAM_CATALOG_ID,TERM_ID,PROGRAM_STATUS_ID,COMMENTS,CREATED_BY,CREATED_ON,UPDATED_BY,UPDATED_ON) values (9,3,2,2,null,'UMS',to_date('20-MAR-24','DD-MON-RR'),null,null);
Insert into UMS.PROGRAM (ID,PROGRAM_CATALOG_ID,TERM_ID,PROGRAM_STATUS_ID,COMMENTS,CREATED_BY,CREATED_ON,UPDATED_BY,UPDATED_ON) values (10,3,4,2,null,'UMS',to_date('20-MAR-24','DD-MON-RR'),null,null);
Insert into UMS.PROGRAM (ID,PROGRAM_CATALOG_ID,TERM_ID,PROGRAM_STATUS_ID,COMMENTS,CREATED_BY,CREATED_ON,UPDATED_BY,UPDATED_ON) values (11,4,1,3,null,'UMS',to_date('20-MAR-24','DD-MON-RR'),null,null);
REM INSERTING into UMS.PROGRAM_CATALOG
SET DEFINE OFF;
Insert into UMS.PROGRAM_CATALOG (ID,NAME,DESCRIPTION,COLLEGE_ID,DEGREE_TYPE_ID,COMMENTS,IS_ENABLED,CREATED_BY,CREATED_ON,UPDATED_BY,UPDATED_ON) values (1,'Computer Science','The study of algorithms, data structures, and computational systems, focusing on software development and computer technology.',1,1,null,'Y','UMS',to_date('20-MAR-24','DD-MON-RR'),'UMS',to_date('20-MAR-24','DD-MON-RR'));
Insert into UMS.PROGRAM_CATALOG (ID,NAME,DESCRIPTION,COLLEGE_ID,DEGREE_TYPE_ID,COMMENTS,IS_ENABLED,CREATED_BY,CREATED_ON,UPDATED_BY,UPDATED_ON) values (2,'Mechanical Engineering','The branch of engineering that deals with the design, construction, and operation of machinery and mechanical systems.',1,2,null,'Y','UMS',to_date('20-MAR-24','DD-MON-RR'),'UMS',to_date('20-MAR-24','DD-MON-RR'));
Insert into UMS.PROGRAM_CATALOG (ID,NAME,DESCRIPTION,COLLEGE_ID,DEGREE_TYPE_ID,COMMENTS,IS_ENABLED,CREATED_BY,CREATED_ON,UPDATED_BY,UPDATED_ON) values (3,'Business Administration','The field encompassing management, operations, finance, and strategy within organizations, aiming for effective decision-making and business success.',2,2,null,'Y','UMS',to_date('20-MAR-24','DD-MON-RR'),'UMS',to_date('20-MAR-24','DD-MON-RR'));
Insert into UMS.PROGRAM_CATALOG (ID,NAME,DESCRIPTION,COLLEGE_ID,DEGREE_TYPE_ID,COMMENTS,IS_ENABLED,CREATED_BY,CREATED_ON,UPDATED_BY,UPDATED_ON) values (4,'Psychology','The scientific study of behavior and mental processes, exploring human cognition, emotions, and social interactions.',3,1,null,'Y','UMS',to_date('20-MAR-24','DD-MON-RR'),'UMS',to_date('20-MAR-24','DD-MON-RR'));
Insert into UMS.PROGRAM_CATALOG (ID,NAME,DESCRIPTION,COLLEGE_ID,DEGREE_TYPE_ID,COMMENTS,IS_ENABLED,CREATED_BY,CREATED_ON,UPDATED_BY,UPDATED_ON) values (5,'Computer Science','The study of algorithms, data structures, and computational systems, focusing on software development and computer technology.',1,2,null,'Y','UMS',to_date('20-MAR-24','DD-MON-RR'),'UMS',to_date('20-MAR-24','DD-MON-RR'));
REM INSERTING into UMS.PROGRAM_STATUS
SET DEFINE OFF;
Insert into UMS.PROGRAM_STATUS (ID,NAME,DESCRIPTION,COMMENTS,IS_ENABLED,CREATED_BY,CREATED_ON,UPDATED_BY,UPDATED_ON) values (1,'Published','Course is open for enrollment',null,'Y','UMS',to_date('20-MAR-24','DD-MON-RR'),null,null);
Insert into UMS.PROGRAM_STATUS (ID,NAME,DESCRIPTION,COMMENTS,IS_ENABLED,CREATED_BY,CREATED_ON,UPDATED_BY,UPDATED_ON) values (2,'Ongoing','Course has commenced',null,'Y','UMS',to_date('20-MAR-24','DD-MON-RR'),null,null);
Insert into UMS.PROGRAM_STATUS (ID,NAME,DESCRIPTION,COMMENTS,IS_ENABLED,CREATED_BY,CREATED_ON,UPDATED_BY,UPDATED_ON) values (3,'Completed','Course is completed',null,'Y','UMS',to_date('20-MAR-24','DD-MON-RR'),null,null);
REM INSERTING into UMS.ROLE
SET DEFINE OFF;
Insert into UMS.ROLE (ID,NAME,DESCRIPTION,IS_ENABLED,CREATED_BY,CREATED_ON,UPDATED_BY,UPDATED_ON) values (1,'Administrator',null,'Y','UMS',to_date('20-MAR-24','DD-MON-RR'),null,null);
Insert into UMS.ROLE (ID,NAME,DESCRIPTION,IS_ENABLED,CREATED_BY,CREATED_ON,UPDATED_BY,UPDATED_ON) values (2,'Professor',null,'Y','UMS',to_date('20-MAR-24','DD-MON-RR'),null,null);
Insert into UMS.ROLE (ID,NAME,DESCRIPTION,IS_ENABLED,CREATED_BY,CREATED_ON,UPDATED_BY,UPDATED_ON) values (3,'Student',null,'Y','UMS',to_date('20-MAR-24','DD-MON-RR'),null,null);
Insert into UMS.ROLE (ID,NAME,DESCRIPTION,IS_ENABLED,CREATED_BY,CREATED_ON,UPDATED_BY,UPDATED_ON) values (4,'Teaching Assistant',null,'Y','UMS',to_date('20-MAR-24','DD-MON-RR'),null,null);
REM INSERTING into UMS.STUDENT
SET DEFINE OFF;
Insert into UMS.STUDENT (ID,UNIVERSITY_STUDENT_NUMBER,FIRST_NAME,LAST_NAME,STUDENT_STATUS_ID,EMAIL,PHONE_NUMBER,DOB,PASSPORT_NUMBER,PROGRAM_ID,TERM_ID,TERM_ID1,CREATED_BY,CREATED_ON,UPDATED_BY,UPDATED_ON) values (33,'NU1234567896','William','Harrison',2,'william.h@gmail.com','671267821',to_date('01-JAN-90','DD-MON-RR'),'AB1234567',2,1,null,null,null,null,null);
Insert into UMS.STUDENT (ID,UNIVERSITY_STUDENT_NUMBER,FIRST_NAME,LAST_NAME,STUDENT_STATUS_ID,EMAIL,PHONE_NUMBER,DOB,PASSPORT_NUMBER,PROGRAM_ID,TERM_ID,TERM_ID1,CREATED_BY,CREATED_ON,UPDATED_BY,UPDATED_ON) values (35,'NU1234567897','Vappala Pangunni','Menon',2,'menon.vp@gmail.com','271265829',to_date('01-JAN-90','DD-MON-RR'),'AB145678',9,2,null,null,null,null,null);
Insert into UMS.STUDENT (ID,UNIVERSITY_STUDENT_NUMBER,FIRST_NAME,LAST_NAME,STUDENT_STATUS_ID,EMAIL,PHONE_NUMBER,DOB,PASSPORT_NUMBER,PROGRAM_ID,TERM_ID,TERM_ID1,CREATED_BY,CREATED_ON,UPDATED_BY,UPDATED_ON) values (1,'NU1234567890','John','Doe',3,'john.doe@example.com','1234567890',to_date('01-JAN-90','DD-MON-RR'),'AB123456',7,5,12,'UMS',to_date('20-MAR-24','DD-MON-RR'),'UMS',to_date('21-MAR-24','DD-MON-RR'));
Insert into UMS.STUDENT (ID,UNIVERSITY_STUDENT_NUMBER,FIRST_NAME,LAST_NAME,STUDENT_STATUS_ID,EMAIL,PHONE_NUMBER,DOB,PASSPORT_NUMBER,PROGRAM_ID,TERM_ID,TERM_ID1,CREATED_BY,CREATED_ON,UPDATED_BY,UPDATED_ON) values (2,'NU1234567891','Jane','Smith',1,'jane.smith@example.com','2345678901',to_date('02-FEB-91','DD-MON-RR'),'CD234567',8,2,9,'UMS',to_date('20-MAR-24','DD-MON-RR'),'UMS',to_date('11-APR-24','DD-MON-RR'));
Insert into UMS.STUDENT (ID,UNIVERSITY_STUDENT_NUMBER,FIRST_NAME,LAST_NAME,STUDENT_STATUS_ID,EMAIL,PHONE_NUMBER,DOB,PASSPORT_NUMBER,PROGRAM_ID,TERM_ID,TERM_ID1,CREATED_BY,CREATED_ON,UPDATED_BY,UPDATED_ON) values (3,'NU1234567892','Michael','Johnson',1,'michael.johnson@example.com','3456789012',to_date('03-MAR-92','DD-MON-RR'),'EF345678',9,1,8,'UMS',to_date('20-MAR-24','DD-MON-RR'),null,null);
Insert into UMS.STUDENT (ID,UNIVERSITY_STUDENT_NUMBER,FIRST_NAME,LAST_NAME,STUDENT_STATUS_ID,EMAIL,PHONE_NUMBER,DOB,PASSPORT_NUMBER,PROGRAM_ID,TERM_ID,TERM_ID1,CREATED_BY,CREATED_ON,UPDATED_BY,UPDATED_ON) values (4,'NU1234567893','Emily','Brown',2,'emily.brown@example.com','4567890123',to_date('04-APR-93','DD-MON-RR'),'GH456789',10,2,5,'UMS',to_date('20-MAR-24','DD-MON-RR'),null,null);
Insert into UMS.STUDENT (ID,UNIVERSITY_STUDENT_NUMBER,FIRST_NAME,LAST_NAME,STUDENT_STATUS_ID,EMAIL,PHONE_NUMBER,DOB,PASSPORT_NUMBER,PROGRAM_ID,TERM_ID,TERM_ID1,CREATED_BY,CREATED_ON,UPDATED_BY,UPDATED_ON) values (5,'NU1234567894','David','Wilson',2,'david.wilson@example.com','5678901234',to_date('05-MAY-94','DD-MON-RR'),'IJ567890',11,1,7,'UMS',to_date('20-MAR-24','DD-MON-RR'),null,null);
Insert into UMS.STUDENT (ID,UNIVERSITY_STUDENT_NUMBER,FIRST_NAME,LAST_NAME,STUDENT_STATUS_ID,EMAIL,PHONE_NUMBER,DOB,PASSPORT_NUMBER,PROGRAM_ID,TERM_ID,TERM_ID1,CREATED_BY,CREATED_ON,UPDATED_BY,UPDATED_ON) values (42,'NU1234567895','Chandrasekara','Venkataraman',2,'raman.cv@gmail.com','771265821',to_date('01-JAN-90','DD-MON-RR'),'AC145658',2,1,null,null,null,null,null);
Insert into UMS.STUDENT (ID,UNIVERSITY_STUDENT_NUMBER,FIRST_NAME,LAST_NAME,STUDENT_STATUS_ID,EMAIL,PHONE_NUMBER,DOB,PASSPORT_NUMBER,PROGRAM_ID,TERM_ID,TERM_ID1,CREATED_BY,CREATED_ON,UPDATED_BY,UPDATED_ON) values (43,null,null,null,5,null,null,null,'AB123456',1,null,null,null,null,null,null);
Insert into UMS.STUDENT (ID,UNIVERSITY_STUDENT_NUMBER,FIRST_NAME,LAST_NAME,STUDENT_STATUS_ID,EMAIL,PHONE_NUMBER,DOB,PASSPORT_NUMBER,PROGRAM_ID,TERM_ID,TERM_ID1,CREATED_BY,CREATED_ON,UPDATED_BY,UPDATED_ON) values (44,null,null,null,1,null,null,null,'AB123456',2,null,null,null,null,null,null);
Insert into UMS.STUDENT (ID,UNIVERSITY_STUDENT_NUMBER,FIRST_NAME,LAST_NAME,STUDENT_STATUS_ID,EMAIL,PHONE_NUMBER,DOB,PASSPORT_NUMBER,PROGRAM_ID,TERM_ID,TERM_ID1,CREATED_BY,CREATED_ON,UPDATED_BY,UPDATED_ON) values (6,'NU1234567895','Rachel','Johnson',2,'rachel.johnson@example.com','6789012345',to_date('06-JUN-95','DD-MON-RR'),'KL678901',11,2,5,'UMS',to_date('21-MAR-24','DD-MON-RR'),null,null);
REM INSERTING into UMS.STUDENT_COURSE
SET DEFINE OFF;

Insert into UMS.STUDENT_COURSE (ID,STUDENT_ID,COURSE_ID,STUDENT_COURSE_STATUS_ID,PERCENTAGE,GRADE_ID,CREATED_BY,CREATED_ON,UPDATED_BY,UPDATED_ON) values (11,3,79,1,null,null,'UMS',to_date('12-APR-24','DD-MON-RR'),null,null);
Insert into UMS.STUDENT_COURSE (ID,STUDENT_ID,COURSE_ID,STUDENT_COURSE_STATUS_ID,PERCENTAGE,GRADE_ID,CREATED_BY,CREATED_ON,UPDATED_BY,UPDATED_ON) values (12,3,80,1,null,null,'UMS',to_date('12-APR-24','DD-MON-RR'),null,null);
Insert into UMS.STUDENT_COURSE (ID,STUDENT_ID,COURSE_ID,STUDENT_COURSE_STATUS_ID,PERCENTAGE,GRADE_ID,CREATED_BY,CREATED_ON,UPDATED_BY,UPDATED_ON) values (13,3,81,1,null,null,'UMS',to_date('12-APR-24','DD-MON-RR'),null,null);
Insert into UMS.STUDENT_COURSE (ID,STUDENT_ID,COURSE_ID,STUDENT_COURSE_STATUS_ID,PERCENTAGE,GRADE_ID,CREATED_BY,CREATED_ON,UPDATED_BY,UPDATED_ON) values (2,1,72,5,85,null,'UMS',to_date('20-MAR-24','DD-MON-RR'),'UMS',to_date('05-APR-24','DD-MON-RR'));
Insert into UMS.STUDENT_COURSE (ID,STUDENT_ID,COURSE_ID,STUDENT_COURSE_STATUS_ID,PERCENTAGE,GRADE_ID,CREATED_BY,CREATED_ON,UPDATED_BY,UPDATED_ON) values (3,2,73,5,85,2,'UMS',to_date('20-MAR-24','DD-MON-RR'),null,null);
Insert into UMS.STUDENT_COURSE (ID,STUDENT_ID,COURSE_ID,STUDENT_COURSE_STATUS_ID,PERCENTAGE,GRADE_ID,CREATED_BY,CREATED_ON,UPDATED_BY,UPDATED_ON) values (4,2,74,5,85,1,'UMS',to_date('20-MAR-24','DD-MON-RR'),null,null);
Insert into UMS.STUDENT_COURSE (ID,STUDENT_ID,COURSE_ID,STUDENT_COURSE_STATUS_ID,PERCENTAGE,GRADE_ID,CREATED_BY,CREATED_ON,UPDATED_BY,UPDATED_ON) values (5,3,75,6,50,9,'UMS',to_date('20-MAR-24','DD-MON-RR'),null,null);
Insert into UMS.STUDENT_COURSE (ID,STUDENT_ID,COURSE_ID,STUDENT_COURSE_STATUS_ID,PERCENTAGE,GRADE_ID,CREATED_BY,CREATED_ON,UPDATED_BY,UPDATED_ON) values (6,3,76,5,50,3,'UMS',to_date('20-MAR-24','DD-MON-RR'),null,null);
Insert into UMS.STUDENT_COURSE (ID,STUDENT_ID,COURSE_ID,STUDENT_COURSE_STATUS_ID,PERCENTAGE,GRADE_ID,CREATED_BY,CREATED_ON,UPDATED_BY,UPDATED_ON) values (7,4,75,5,100,7,'UMS',to_date('20-MAR-24','DD-MON-RR'),null,null);
Insert into UMS.STUDENT_COURSE (ID,STUDENT_ID,COURSE_ID,STUDENT_COURSE_STATUS_ID,PERCENTAGE,GRADE_ID,CREATED_BY,CREATED_ON,UPDATED_BY,UPDATED_ON) values (8,4,76,5,100,1,'UMS',to_date('20-MAR-24','DD-MON-RR'),null,null);
Insert into UMS.STUDENT_COURSE (ID,STUDENT_ID,COURSE_ID,STUDENT_COURSE_STATUS_ID,PERCENTAGE,GRADE_ID,CREATED_BY,CREATED_ON,UPDATED_BY,UPDATED_ON) values (9,5,77,5,100,2,'UMS',to_date('20-MAR-24','DD-MON-RR'),null,null);
Insert into UMS.STUDENT_COURSE (ID,STUDENT_ID,COURSE_ID,STUDENT_COURSE_STATUS_ID,PERCENTAGE,GRADE_ID,CREATED_BY,CREATED_ON,UPDATED_BY,UPDATED_ON) values (10,5,78,5,100,3,'UMS',to_date('20-MAR-24','DD-MON-RR'),null,null);
REM INSERTING into UMS.STUDENT_COURSE_MARK
SET DEFINE OFF;
Insert into UMS.STUDENT_COURSE_MARK (ID,STUDENT_COURSE_ID,COURSE_ASSESSMENT_ID,OBTAINED_MARKS,COMMENTS,CREATED_BY,CREATED_ON,UPDATED_BY,UPDATED_ON) values (1,3,1,99,null,'UMS',to_date('21-MAR-24','DD-MON-RR'),null,null);
Insert into UMS.STUDENT_COURSE_MARK (ID,STUDENT_COURSE_ID,COURSE_ASSESSMENT_ID,OBTAINED_MARKS,COMMENTS,CREATED_BY,CREATED_ON,UPDATED_BY,UPDATED_ON) values (2,3,7,90,null,'UMS',to_date('21-MAR-24','DD-MON-RR'),null,null);
Insert into UMS.STUDENT_COURSE_MARK (ID,STUDENT_COURSE_ID,COURSE_ASSESSMENT_ID,OBTAINED_MARKS,COMMENTS,CREATED_BY,CREATED_ON,UPDATED_BY,UPDATED_ON) values (3,4,2,100,null,'UMS',to_date('21-MAR-24','DD-MON-RR'),null,null);
Insert into UMS.STUDENT_COURSE_MARK (ID,STUDENT_COURSE_ID,COURSE_ASSESSMENT_ID,OBTAINED_MARKS,COMMENTS,CREATED_BY,CREATED_ON,UPDATED_BY,UPDATED_ON) values (4,4,8,91,null,'UMS',to_date('21-MAR-24','DD-MON-RR'),null,null);
Insert into UMS.STUDENT_COURSE_MARK (ID,STUDENT_COURSE_ID,COURSE_ASSESSMENT_ID,OBTAINED_MARKS,COMMENTS,CREATED_BY,CREATED_ON,UPDATED_BY,UPDATED_ON) values (5,5,3,60,null,'UMS',to_date('21-MAR-24','DD-MON-RR'),null,null);
Insert into UMS.STUDENT_COURSE_MARK (ID,STUDENT_COURSE_ID,COURSE_ASSESSMENT_ID,OBTAINED_MARKS,COMMENTS,CREATED_BY,CREATED_ON,UPDATED_BY,UPDATED_ON) values (6,5,9,72,null,'UMS',to_date('21-MAR-24','DD-MON-RR'),null,null);
Insert into UMS.STUDENT_COURSE_MARK (ID,STUDENT_COURSE_ID,COURSE_ASSESSMENT_ID,OBTAINED_MARKS,COMMENTS,CREATED_BY,CREATED_ON,UPDATED_BY,UPDATED_ON) values (7,6,4,80,null,'UMS',to_date('21-MAR-24','DD-MON-RR'),null,null);
Insert into UMS.STUDENT_COURSE_MARK (ID,STUDENT_COURSE_ID,COURSE_ASSESSMENT_ID,OBTAINED_MARKS,COMMENTS,CREATED_BY,CREATED_ON,UPDATED_BY,UPDATED_ON) values (8,6,10,94,null,'UMS',to_date('21-MAR-24','DD-MON-RR'),null,null);
Insert into UMS.STUDENT_COURSE_MARK (ID,STUDENT_COURSE_ID,COURSE_ASSESSMENT_ID,OBTAINED_MARKS,COMMENTS,CREATED_BY,CREATED_ON,UPDATED_BY,UPDATED_ON) values (9,7,3,70,null,'UMS',to_date('21-MAR-24','DD-MON-RR'),null,null);
Insert into UMS.STUDENT_COURSE_MARK (ID,STUDENT_COURSE_ID,COURSE_ASSESSMENT_ID,OBTAINED_MARKS,COMMENTS,CREATED_BY,CREATED_ON,UPDATED_BY,UPDATED_ON) values (10,7,9,77,null,'UMS',to_date('21-MAR-24','DD-MON-RR'),null,null);
Insert into UMS.STUDENT_COURSE_MARK (ID,STUDENT_COURSE_ID,COURSE_ASSESSMENT_ID,OBTAINED_MARKS,COMMENTS,CREATED_BY,CREATED_ON,UPDATED_BY,UPDATED_ON) values (11,8,4,100,null,'UMS',to_date('21-MAR-24','DD-MON-RR'),null,null);
Insert into UMS.STUDENT_COURSE_MARK (ID,STUDENT_COURSE_ID,COURSE_ASSESSMENT_ID,OBTAINED_MARKS,COMMENTS,CREATED_BY,CREATED_ON,UPDATED_BY,UPDATED_ON) values (12,8,10,96,null,'UMS',to_date('21-MAR-24','DD-MON-RR'),null,null);
Insert into UMS.STUDENT_COURSE_MARK (ID,STUDENT_COURSE_ID,COURSE_ASSESSMENT_ID,OBTAINED_MARKS,COMMENTS,CREATED_BY,CREATED_ON,UPDATED_BY,UPDATED_ON) values (13,9,5,90,null,'UMS',to_date('21-MAR-24','DD-MON-RR'),null,null);
Insert into UMS.STUDENT_COURSE_MARK (ID,STUDENT_COURSE_ID,COURSE_ASSESSMENT_ID,OBTAINED_MARKS,COMMENTS,CREATED_BY,CREATED_ON,UPDATED_BY,UPDATED_ON) values (14,9,11,90,null,'UMS',to_date('21-MAR-24','DD-MON-RR'),null,null);
Insert into UMS.STUDENT_COURSE_MARK (ID,STUDENT_COURSE_ID,COURSE_ASSESSMENT_ID,OBTAINED_MARKS,COMMENTS,CREATED_BY,CREATED_ON,UPDATED_BY,UPDATED_ON) values (15,10,6,87,null,'UMS',to_date('21-MAR-24','DD-MON-RR'),null,null);
Insert into UMS.STUDENT_COURSE_MARK (ID,STUDENT_COURSE_ID,COURSE_ASSESSMENT_ID,OBTAINED_MARKS,COMMENTS,CREATED_BY,CREATED_ON,UPDATED_BY,UPDATED_ON) values (16,10,12,87,null,'UMS',to_date('21-MAR-24','DD-MON-RR'),null,null);
REM INSERTING into UMS.STUDENT_COURSE_STATUS
SET DEFINE OFF;
Insert into UMS.STUDENT_COURSE_STATUS (ID,NAME,IS_ENABLED,CREATED_BY,CREATED_ON,UPDATED_BY,UPDATED_ON) values (1,'Enrolled','Y','UMS',to_date('20-MAR-24','DD-MON-RR'),null,null);
Insert into UMS.STUDENT_COURSE_STATUS (ID,NAME,IS_ENABLED,CREATED_BY,CREATED_ON,UPDATED_BY,UPDATED_ON) values (2,'Dropped','Y','UMS',to_date('20-MAR-24','DD-MON-RR'),null,null);
Insert into UMS.STUDENT_COURSE_STATUS (ID,NAME,IS_ENABLED,CREATED_BY,CREATED_ON,UPDATED_BY,UPDATED_ON) values (3,'Waitlisted','Y','UMS',to_date('20-MAR-24','DD-MON-RR'),null,null);
Insert into UMS.STUDENT_COURSE_STATUS (ID,NAME,IS_ENABLED,CREATED_BY,CREATED_ON,UPDATED_BY,UPDATED_ON) values (4,'Pursuing','Y','UMS',to_date('20-MAR-24','DD-MON-RR'),null,null);
Insert into UMS.STUDENT_COURSE_STATUS (ID,NAME,IS_ENABLED,CREATED_BY,CREATED_ON,UPDATED_BY,UPDATED_ON) values (5,'Passed','Y','UMS',to_date('20-MAR-24','DD-MON-RR'),null,null);
Insert into UMS.STUDENT_COURSE_STATUS (ID,NAME,IS_ENABLED,CREATED_BY,CREATED_ON,UPDATED_BY,UPDATED_ON) values (6,'Failed','Y','UMS',to_date('20-MAR-24','DD-MON-RR'),null,null);
REM INSERTING into UMS.STUDENT_STATUS
SET DEFINE OFF;
Insert into UMS.STUDENT_STATUS (ID,STATUS_NAME,IS_ENABLED,CREATED_BY,CREATED_ON,UPDATED_BY,UPDATED_ON) values (1,'Enrolled','Y','UMS',to_date('20-MAR-24','DD-MON-RR'),null,null);
Insert into UMS.STUDENT_STATUS (ID,STATUS_NAME,IS_ENABLED,CREATED_BY,CREATED_ON,UPDATED_BY,UPDATED_ON) values (2,'Pursuing','Y','UMS',to_date('20-MAR-24','DD-MON-RR'),null,null);
Insert into UMS.STUDENT_STATUS (ID,STATUS_NAME,IS_ENABLED,CREATED_BY,CREATED_ON,UPDATED_BY,UPDATED_ON) values (3,'Graduated','Y','UMS',to_date('20-MAR-24','DD-MON-RR'),null,null);
Insert into UMS.STUDENT_STATUS (ID,STATUS_NAME,IS_ENABLED,CREATED_BY,CREATED_ON,UPDATED_BY,UPDATED_ON) values (4,'Failed','Y','UMS',to_date('20-MAR-24','DD-MON-RR'),null,null);
Insert into UMS.STUDENT_STATUS (ID,STATUS_NAME,IS_ENABLED,CREATED_BY,CREATED_ON,UPDATED_BY,UPDATED_ON) values (5,'Dropped','Y','UMS',to_date('20-MAR-24','DD-MON-RR'),null,null);
REM INSERTING into UMS.TERM
SET DEFINE OFF;
Insert into UMS.TERM (ID,NAME,START_DATE,END_DATE,YEAR,COMMENTS,IS_ENABLED,CREATED_BY,CREATED_ON,UPDATED_BY,UPDATED_ON) values (6,'Spring 2025',to_date('01-JAN-25','DD-MON-RR'),to_date('30-APR-25','DD-MON-RR'),2025,null,'N','UMS',to_date('20-MAR-24','DD-MON-RR'),null,null);
Insert into UMS.TERM (ID,NAME,START_DATE,END_DATE,YEAR,COMMENTS,IS_ENABLED,CREATED_BY,CREATED_ON,UPDATED_BY,UPDATED_ON) values (7,'Fall 2025',to_date('01-SEP-25','DD-MON-RR'),to_date('31-DEC-25','DD-MON-RR'),2025,null,'N','UMS',to_date('20-MAR-24','DD-MON-RR'),null,null);
Insert into UMS.TERM (ID,NAME,START_DATE,END_DATE,YEAR,COMMENTS,IS_ENABLED,CREATED_BY,CREATED_ON,UPDATED_BY,UPDATED_ON) values (8,'Spring 2026',to_date('01-JAN-26','DD-MON-RR'),to_date('30-APR-26','DD-MON-RR'),2026,null,'N','UMS',to_date('20-MAR-24','DD-MON-RR'),null,null);
Insert into UMS.TERM (ID,NAME,START_DATE,END_DATE,YEAR,COMMENTS,IS_ENABLED,CREATED_BY,CREATED_ON,UPDATED_BY,UPDATED_ON) values (9,'Fall 2026',to_date('01-SEP-26','DD-MON-RR'),to_date('31-DEC-26','DD-MON-RR'),2026,null,'N','UMS',to_date('20-MAR-24','DD-MON-RR'),null,null);
Insert into UMS.TERM (ID,NAME,START_DATE,END_DATE,YEAR,COMMENTS,IS_ENABLED,CREATED_BY,CREATED_ON,UPDATED_BY,UPDATED_ON) values (10,'Spring 2027',to_date('01-JAN-27','DD-MON-RR'),to_date('30-APR-27','DD-MON-RR'),2027,null,'N','UMS',to_date('20-MAR-24','DD-MON-RR'),null,null);
Insert into UMS.TERM (ID,NAME,START_DATE,END_DATE,YEAR,COMMENTS,IS_ENABLED,CREATED_BY,CREATED_ON,UPDATED_BY,UPDATED_ON) values (11,'Fall 2027',to_date('01-SEP-27','DD-MON-RR'),to_date('31-DEC-27','DD-MON-RR'),2027,null,'N','UMS',to_date('20-MAR-24','DD-MON-RR'),null,null);
Insert into UMS.TERM (ID,NAME,START_DATE,END_DATE,YEAR,COMMENTS,IS_ENABLED,CREATED_BY,CREATED_ON,UPDATED_BY,UPDATED_ON) values (12,'Spring 2028',to_date('01-JAN-28','DD-MON-RR'),to_date('30-APR-28','DD-MON-RR'),2028,null,'Y','UMS',to_date('20-MAR-24','DD-MON-RR'),null,null);
Insert into UMS.TERM (ID,NAME,START_DATE,END_DATE,YEAR,COMMENTS,IS_ENABLED,CREATED_BY,CREATED_ON,UPDATED_BY,UPDATED_ON) values (13,'Fall 2028',to_date('01-SEP-28','DD-MON-RR'),to_date('31-DEC-28','DD-MON-RR'),2028,null,'N','UMS',to_date('20-MAR-24','DD-MON-RR'),null,null);
Insert into UMS.TERM (ID,NAME,START_DATE,END_DATE,YEAR,COMMENTS,IS_ENABLED,CREATED_BY,CREATED_ON,UPDATED_BY,UPDATED_ON) values (14,'Spring 2029',to_date('01-JAN-29','DD-MON-RR'),to_date('30-APR-29','DD-MON-RR'),2029,null,'N','UMS',to_date('20-MAR-24','DD-MON-RR'),null,null);
Insert into UMS.TERM (ID,NAME,START_DATE,END_DATE,YEAR,COMMENTS,IS_ENABLED,CREATED_BY,CREATED_ON,UPDATED_BY,UPDATED_ON) values (15,'Fall 2029',to_date('01-SEP-29','DD-MON-RR'),to_date('31-DEC-29','DD-MON-RR'),2029,null,'N','UMS',to_date('20-MAR-24','DD-MON-RR'),null,null);
Insert into UMS.TERM (ID,NAME,START_DATE,END_DATE,YEAR,COMMENTS,IS_ENABLED,CREATED_BY,CREATED_ON,UPDATED_BY,UPDATED_ON) values (16,'Spring 2030',to_date('01-JAN-30','DD-MON-RR'),to_date('30-APR-30','DD-MON-RR'),2030,null,'N','UMS',to_date('20-MAR-24','DD-MON-RR'),null,null);
Insert into UMS.TERM (ID,NAME,START_DATE,END_DATE,YEAR,COMMENTS,IS_ENABLED,CREATED_BY,CREATED_ON,UPDATED_BY,UPDATED_ON) values (1,'Fall 2022',to_date('01-SEP-22','DD-MON-RR'),to_date('31-DEC-22','DD-MON-RR'),2022,null,'N','UMS',to_date('20-MAR-24','DD-MON-RR'),'UMS',to_date('20-MAR-24','DD-MON-RR'));
Insert into UMS.TERM (ID,NAME,START_DATE,END_DATE,YEAR,COMMENTS,IS_ENABLED,CREATED_BY,CREATED_ON,UPDATED_BY,UPDATED_ON) values (2,'Spring 2023',to_date('01-JAN-23','DD-MON-RR'),to_date('30-APR-23','DD-MON-RR'),2023,null,'N','UMS',to_date('20-MAR-24','DD-MON-RR'),'UMS',to_date('20-MAR-24','DD-MON-RR'));
Insert into UMS.TERM (ID,NAME,START_DATE,END_DATE,YEAR,COMMENTS,IS_ENABLED,CREATED_BY,CREATED_ON,UPDATED_BY,UPDATED_ON) values (3,'Fall 2023',to_date('01-SEP-23','DD-MON-RR'),to_date('31-DEC-23','DD-MON-RR'),2023,null,'N','UMS',to_date('20-MAR-24','DD-MON-RR'),'UMS',to_date('20-MAR-24','DD-MON-RR'));
Insert into UMS.TERM (ID,NAME,START_DATE,END_DATE,YEAR,COMMENTS,IS_ENABLED,CREATED_BY,CREATED_ON,UPDATED_BY,UPDATED_ON) values (4,'Spring 2024',to_date('01-JAN-24','DD-MON-RR'),to_date('30-APR-24','DD-MON-RR'),2024,null,'N','UMS',to_date('20-MAR-24','DD-MON-RR'),'UMS',to_date('20-MAR-24','DD-MON-RR'));
Insert into UMS.TERM (ID,NAME,START_DATE,END_DATE,YEAR,COMMENTS,IS_ENABLED,CREATED_BY,CREATED_ON,UPDATED_BY,UPDATED_ON) values (5,'Fall 2024',to_date('01-SEP-24','DD-MON-RR'),to_date('31-DEC-24','DD-MON-RR'),2024,null,'Y','UMS',to_date('20-MAR-24','DD-MON-RR'),'UMS',to_date('20-MAR-24','DD-MON-RR'));
Insert into UMS.TERM (ID,NAME,START_DATE,END_DATE,YEAR,COMMENTS,IS_ENABLED,CREATED_BY,CREATED_ON,UPDATED_BY,UPDATED_ON) values (100,'Test Term 2024',to_date('01-JAN-24','DD-MON-RR'),to_date('31-DEC-24','DD-MON-RR'),2024,null,'Y','UMS',to_date('06-APR-24','DD-MON-RR'),null,null);
REM INSERTING into UMS.USER_MANAGEMENT
SET DEFINE OFF;
Insert into UMS.USER_MANAGEMENT (ID,UNIVERSITY_PERSON_NUMBER,PASSWORD,IS_LOCKED,COMMENTS,CREATED_BY,CREATED_ON,UPDATED_BY,UPDATED_ON) values (1,'NU1234567890','Passowrd1#','Y',null,'UMS',to_date('21-MAR-24','DD-MON-RR'),null,null);
Insert into UMS.USER_MANAGEMENT (ID,UNIVERSITY_PERSON_NUMBER,PASSWORD,IS_LOCKED,COMMENTS,CREATED_BY,CREATED_ON,UPDATED_BY,UPDATED_ON) values (2,'NU1234567891','Passowrd2#','N',null,'UMS',to_date('21-MAR-24','DD-MON-RR'),null,null);
Insert into UMS.USER_MANAGEMENT (ID,UNIVERSITY_PERSON_NUMBER,PASSWORD,IS_LOCKED,COMMENTS,CREATED_BY,CREATED_ON,UPDATED_BY,UPDATED_ON) values (3,'UPN001','Passowrd3#','Y',null,'UMS',to_date('21-MAR-24','DD-MON-RR'),null,null);
Insert into UMS.USER_MANAGEMENT (ID,UNIVERSITY_PERSON_NUMBER,PASSWORD,IS_LOCKED,COMMENTS,CREATED_BY,CREATED_ON,UPDATED_BY,UPDATED_ON) values (4,'NU1234567890','Passowrd4#','N',null,'UMS',to_date('21-MAR-24','DD-MON-RR'),null,null);
Insert into UMS.USER_MANAGEMENT (ID,UNIVERSITY_PERSON_NUMBER,PASSWORD,IS_LOCKED,COMMENTS,CREATED_BY,CREATED_ON,UPDATED_BY,UPDATED_ON) values (5,null,'Passowrd5#','Y',null,'UMS',to_date('21-MAR-24','DD-MON-RR'),null,null);
REM INSERTING into UMS.USER_ROLE
SET DEFINE OFF;
Insert into UMS.USER_ROLE (ID,USER_MANAGEMENT_ID,ROLE_ID) values (1,1,3);
Insert into UMS.USER_ROLE (ID,USER_MANAGEMENT_ID,ROLE_ID) values (2,2,3);
Insert into UMS.USER_ROLE (ID,USER_MANAGEMENT_ID,ROLE_ID) values (3,3,2);
Insert into UMS.USER_ROLE (ID,USER_MANAGEMENT_ID,ROLE_ID) values (4,4,3);
Insert into UMS.USER_ROLE (ID,USER_MANAGEMENT_ID,ROLE_ID) values (5,5,1);

commit;
